0 verbose cli C:\Program Files\nodejs\node.exe C:\Program Files\nodejs\node_modules\npm\bin\npm-cli.js
1 info using npm@11.11.0
2 info using node@v25.8.1
3 silly config load:file:C:\Program Files\nodejs\node_modules\npm\npmrc
4 silly config load:file:C:\Users\User\Desktop\biophlo-landing\biophlo-landing\.npmrc
5 silly config load:file:C:\Users\User\.npmrc
6 silly config load:file:C:\Users\User\AppData\Roaming\npm\etc\npmrc
7 verbose title npm install
8 verbose argv "install" "--cache" ".npm-cache"
9 verbose logfile logs-max:10 dir:C:\Users\User\Desktop\biophlo-landing\biophlo-landing\.npm-cache\_logs\2026-09-23T10_54_44_926Z-
10 verbose logfile C:\Users\User\Desktop\biophlo-landing\biophlo-landing\.npm-cache\_logs\2026-09-23T10_54_44_926Z-debug-0.log
11 silly logfile done cleaning log files
12 silly packumentCache heap:4496293888 maxSize:1124073472 maxEntrySize:562036736
13 silly idealTree buildDeps
14 silly reify mark retired [
14 silly reify   'C:\\Users\\User\\Desktop\\biophlo-landing\\biophlo-landing\\node_modules\\acorn'
14 silly reify ]
15 silly reify mark retired [
15 silly reify   'C:\\Users\\User\\Desktop\\biophlo-landing\\biophlo-landing\\node_modules\\acorn-import-phases'
15 silly reify ]
16 silly reify mark retired [
16 silly reify   'C:\\Users\\User\\Desktop\\biophlo-landing\\biophlo-landing\\node_modules\\acorn-loose'
16 silly reify ]
17 silly reify mark retired [
17 silly reify   'C:\\Users\\User\\Desktop\\biophlo-landing\\biophlo-landing\\node_modules\\axe-core'
17 silly reify ]
18 silly reify mark retired [
18 silly reify   'C:\\Users\\User\\Desktop\\biophlo-landing\\biophlo-landing\\node_modules\\base64-js'
18 silly reify ]
19 silly reify mark retired [
19 silly reify   'C:\\Users\\User\\Desktop\\biophlo-landing\\biophlo-landing\\node_modules\\baseline-browser-mapping'
19 silly reify ]
20 silly reify mark retired [
20 silly reify   'C:\\Users\\User\\Desktop\\biophlo-landing\\biophlo-landing\\node_modules\\blake3-wasm'
20 silly reify ]
21 silly reify mark retired [
21 silly reify   'C:\\Users\\User\\Desktop\\biophlo-landing\\biophlo-landing\\node_modules\\browserslist'
21 silly reify ]
22 silly reify mark retired [
22 silly reify   'C:\\Users\\User\\Desktop\\biophlo-landing\\biophlo-landing\\node_modules\\buffer-from'
22 silly reify ]
23 silly reify mark retired [
23 silly reify   'C:\\Users\\User\\Desktop\\biophlo-landing\\biophlo-landing\\node_modules\\camelize'
23 silly reify ]
24 silly reify mark retired [
24 silly reify   'C:\\Users\\User\\Desktop\\biophlo-landing\\biophlo-landing\\node_modules\\caniuse-lite'
24 silly reify ]
25 silly reify mark retired [
25 silly reify   'C:\\Users\\User\\Desktop\\biophlo-landing\\biophlo-landing\\node_modules\\chrome-trace-event'
25 silly reify ]
26 silly reify mark retired [
26 silly reify   'C:\\Users\\User\\Desktop\\biophlo-landing\\biophlo-landing\\node_modules\\commander'
26 silly reify ]
27 silly reify mark retired [
27 silly reify   'C:\\Users\\User\\Desktop\\biophlo-landing\\biophlo-landing\\node_modules\\css-background-parser'
27 silly reify ]
28 silly reify mark retired [
28 silly reify   'C:\\Users\\User\\Desktop\\biophlo-landing\\biophlo-landing\\node_modules\\css-box-shadow'
28 silly reify ]
29 silly reify mark retired [
29 silly reify   'C:\\Users\\User\\Desktop\\biophlo-landing\\biophlo-landing\\node_modules\\css-color-keywords'
29 silly reify ]
30 silly reify mark retired [
30 silly reify   'C:\\Users\\User\\Desktop\\biophlo-landing\\biophlo-landing\\node_modules\\css-to-react-native'
30 silly reify ]
31 silly reify mark retired [
31 silly reify   'C:\\Users\\User\\Desktop\\biophlo-landing\\biophlo-landing\\node_modules\\css-gradient-parser'
31 silly reify ]
32 silly reify mark retired [
32 silly reify   'C:\\Users\\User\\Desktop\\biophlo-landing\\biophlo-landing\\node_modules\\date-fns'
32 silly reify ]
33 silly reify mark retired [
33 silly reify   'C:\\Users\\User\\Desktop\\biophlo-landing\\biophlo-landing\\node_modules\\drizzle-kit'
33 silly reify ]
34 silly reify mark retired [
34 silly reify   'C:\\Users\\User\\Desktop\\biophlo-landing\\biophlo-landing\\node_modules\\drizzle-orm'
34 silly reify ]
35 silly reify mark retired [
35 silly reify   'C:\\Users\\User\\Desktop\\biophlo-landing\\biophlo-landing\\node_modules\\electron-to-chromium'
35 silly reify ]
36 silly reify mark retired [
36 silly reify   'C:\\Users\\User\\Desktop\\biophlo-landing\\biophlo-landing\\node_modules\\emoji-regex-xs'
36 silly reify ]
37 silly reify mark retired [
37 silly reify   'C:\\Users\\User\\Desktop\\biophlo-landing\\biophlo-landing\\node_modules\\error-stack-parser-es'
37 silly reify ]
38 silly reify mark retired [
38 silly reify   'C:\\Users\\User\\Desktop\\biophlo-landing\\biophlo-landing\\node_modules\\es-module-lexer'
38 silly reify ]
39 silly reify mark retired [
39 silly reify   'C:\\Users\\User\\Desktop\\biophlo-landing\\biophlo-landing\\node_modules\\es-toolkit'
39 silly reify ]
40 silly reify mark retired [
40 silly reify   'C:\\Users\\User\\Desktop\\biophlo-landing\\biophlo-landing\\node_modules\\esbuild'
40 silly reify ]
41 silly reify mark retired [
41 silly reify   'C:\\Users\\User\\Desktop\\biophlo-landing\\biophlo-landing\\node_modules\\eslint'
41 silly reify ]
42 silly reify mark retired [
42 silly reify   'C:\\Users\\User\\Desktop\\biophlo-landing\\biophlo-landing\\node_modules\\eslint-config-next'
42 silly reify ]
43 silly reify mark retired [
43 silly reify   'C:\\Users\\User\\Desktop\\biophlo-landing\\biophlo-landing\\node_modules\\estree-walker'
43 silly reify ]
44 silly reify mark retired [
44 silly reify   'C:\\Users\\User\\Desktop\\biophlo-landing\\biophlo-landing\\node_modules\\eventemitter3'
44 silly reify ]
45 silly reify mark retired [
45 silly reify   'C:\\Users\\User\\Desktop\\biophlo-landing\\biophlo-landing\\node_modules\\events'
45 silly reify ]
46 silly reify mark retired [
46 silly reify   'C:\\Users\\User\\Desktop\\biophlo-landing\\biophlo-landing\\node_modules\\fast-uri'
46 silly reify ]
47 silly reify mark retired [
47 silly reify   'C:\\Users\\User\\Desktop\\biophlo-landing\\biophlo-landing\\node_modules\\fflate'
47 silly reify ]
48 silly reify mark retired [
48 silly reify   'C:\\Users\\User\\Desktop\\biophlo-landing\\biophlo-landing\\node_modules\\glob-to-regexp'
48 silly reify ]
49 silly reify mark retired [
49 silly reify   'C:\\Users\\User\\Desktop\\biophlo-landing\\biophlo-landing\\node_modules\\hex-rgb'
49 silly reify ]
50 silly reify mark retired [
50 silly reify   'C:\\Users\\User\\Desktop\\biophlo-landing\\biophlo-landing\\node_modules\\image-size'
50 silly reify ]
51 silly reify mark retired [
51 silly reify   'C:\\Users\\User\\Desktop\\biophlo-landing\\biophlo-landing\\node_modules\\immer'
51 silly reify ]
52 silly reify mark retired [
52 silly reify   'C:\\Users\\User\\Desktop\\biophlo-landing\\biophlo-landing\\node_modules\\is-core-module'
52 silly reify ]
53 silly reify mark retired [
53 silly reify   'C:\\Users\\User\\Desktop\\biophlo-landing\\biophlo-landing\\node_modules\\jest-worker'
53 silly reify ]
54 silly reify mark retired [
54 silly reify   'C:\\Users\\User\\Desktop\\biophlo-landing\\biophlo-landing\\node_modules\\jiti'
54 silly reify ]
55 silly reify mark retired [
55 silly reify   'C:\\Users\\User\\Desktop\\biophlo-landing\\biophlo-landing\\node_modules\\js-yaml'
55 silly reify ]
56 silly reify mark retired [
56 silly reify   'C:\\Users\\User\\Desktop\\biophlo-landing\\biophlo-landing\\node_modules\\jsesc'
56 silly reify ]
57 silly reify mark retired [
57 silly reify   'C:\\Users\\User\\Desktop\\biophlo-landing\\biophlo-landing\\node_modules\\json5'
57 silly reify ]
58 silly reify mark retired [
58 silly reify   'C:\\Users\\User\\Desktop\\biophlo-landing\\biophlo-landing\\node_modules\\kleur'
58 silly reify ]
59 silly reify mark retired [
59 silly reify   'C:\\Users\\User\\Desktop\\biophlo-landing\\biophlo-landing\\node_modules\\lightningcss'
59 silly reify ]
60 silly reify mark retired [
60 silly reify   'C:\\Users\\User\\Desktop\\biophlo-landing\\biophlo-landing\\node_modules\\lightningcss-win32-x64-msvc'
60 silly reify ]
61 silly reify mark retired [
61 silly reify   'C:\\Users\\User\\Desktop\\biophlo-landing\\biophlo-landing\\node_modules\\linebreak'
61 silly reify ]
62 silly reify mark retired [
62 silly reify   'C:\\Users\\User\\Desktop\\biophlo-landing\\biophlo-landing\\node_modules\\loader-runner'
62 silly reify ]
63 silly reify mark retired [
63 silly reify   'C:\\Users\\User\\Desktop\\biophlo-landing\\biophlo-landing\\node_modules\\loose-envify'
63 silly reify ]
64 silly reify mark retired [
64 silly reify   'C:\\Users\\User\\Desktop\\biophlo-landing\\biophlo-landing\\node_modules\\lucide-react'
64 silly reify ]
65 silly reify mark retired [
65 silly reify   'C:\\Users\\User\\Desktop\\biophlo-landing\\biophlo-landing\\node_modules\\merge-stream'
65 silly reify ]
66 silly reify mark retired [
66 silly reify   'C:\\Users\\User\\Desktop\\biophlo-landing\\biophlo-landing\\node_modules\\miniflare'
66 silly reify ]
67 silly reify mark retired [
67 silly reify   'C:\\Users\\User\\Desktop\\biophlo-landing\\biophlo-landing\\node_modules\\nanoid'
67 silly reify ]
68 silly reify mark retired [
68 silly reify   'C:\\Users\\User\\Desktop\\biophlo-landing\\biophlo-landing\\node_modules\\napi-postinstall'
68 silly reify ]
69 silly reify mark retired [
69 silly reify   'C:\\Users\\User\\Desktop\\biophlo-landing\\biophlo-landing\\node_modules\\neo-async'
69 silly reify ]
70 silly reify mark retired [
70 silly reify   'C:\\Users\\User\\Desktop\\biophlo-landing\\biophlo-landing\\node_modules\\next'
70 silly reify ]
71 silly reify mark retired [
71 silly reify   'C:\\Users\\User\\Desktop\\biophlo-landing\\biophlo-landing\\node_modules\\pako'
71 silly reify ]
72 silly reify mark retired [
72 silly reify   'C:\\Users\\User\\Desktop\\biophlo-landing\\biophlo-landing\\node_modules\\parse-css-color'
72 silly reify ]
73 silly reify mark retired [
73 silly reify   'C:\\Users\\User\\Desktop\\biophlo-landing\\biophlo-landing\\node_modules\\path-to-regexp'
73 silly reify ]
74 silly reify mark retired [
74 silly reify   'C:\\Users\\User\\Desktop\\biophlo-landing\\biophlo-landing\\node_modules\\radix-ui'
74 silly reify ]
75 silly reify mark retired [
75 silly reify   'C:\\Users\\User\\Desktop\\biophlo-landing\\biophlo-landing\\node_modules\\react-day-picker'
75 silly reify ]
76 silly reify mark retired [
76 silly reify   'C:\\Users\\User\\Desktop\\biophlo-landing\\biophlo-landing\\node_modules\\react-hook-form'
76 silly reify ]
77 silly reify mark retired [
77 silly reify   'C:\\Users\\User\\Desktop\\biophlo-landing\\biophlo-landing\\node_modules\\react-redux'
77 silly reify ]
78 silly reify mark retired [
78 silly reify   'C:\\Users\\User\\Desktop\\biophlo-landing\\biophlo-landing\\node_modules\\react-resizable-panels'
78 silly reify ]
79 silly reify mark retired [
79 silly reify   'C:\\Users\\User\\Desktop\\biophlo-landing\\biophlo-landing\\node_modules\\react-server-dom-webpack'
79 silly reify ]
80 silly reify mark retired [
80 silly reify   'C:\\Users\\User\\Desktop\\biophlo-landing\\biophlo-landing\\node_modules\\recharts'
80 silly reify ]
81 silly reify mark retired [
81 silly reify   'C:\\Users\\User\\Desktop\\biophlo-landing\\biophlo-landing\\node_modules\\redux'
81 silly reify ]
82 silly reify mark retired [
82 silly reify   'C:\\Users\\User\\Desktop\\biophlo-landing\\biophlo-landing\\node_modules\\redux-thunk'
82 silly reify ]
83 silly reify mark retired [
83 silly reify   'C:\\Users\\User\\Desktop\\biophlo-landing\\biophlo-landing\\node_modules\\reselect'
83 silly reify ]
84 silly reify mark retired [
84 silly reify   'C:\\Users\\User\\Desktop\\biophlo-landing\\biophlo-landing\\node_modules\\resolve'
84 silly reify ]
85 silly reify mark retired [
85 silly reify   'C:\\Users\\User\\Desktop\\biophlo-landing\\biophlo-landing\\node_modules\\rolldown'
85 silly reify ]
86 silly reify mark retired [
86 silly reify   'C:\\Users\\User\\Desktop\\biophlo-landing\\biophlo-landing\\node_modules\\satori'
86 silly reify ]
87 silly reify mark retired [
87 silly reify   'C:\\Users\\User\\Desktop\\biophlo-landing\\biophlo-landing\\node_modules\\schema-utils'
87 silly reify ]
88 silly reify mark retired [
88 silly reify   'C:\\Users\\User\\Desktop\\biophlo-landing\\biophlo-landing\\node_modules\\semver'
88 silly reify ]
89 silly reify mark retired [
89 silly reify   'C:\\Users\\User\\Desktop\\biophlo-landing\\biophlo-landing\\node_modules\\sonner'
89 silly reify ]
90 silly reify mark retired [
90 silly reify   'C:\\Users\\User\\Desktop\\biophlo-landing\\biophlo-landing\\node_modules\\source-map'
90 silly reify ]
91 silly reify mark retired [
91 silly reify   'C:\\Users\\User\\Desktop\\biophlo-landing\\biophlo-landing\\node_modules\\srvx'
91 silly reify ]
92 silly reify mark retired [
92 silly reify   'C:\\Users\\User\\Desktop\\biophlo-landing\\biophlo-landing\\node_modules\\source-map-support'
92 silly reify ]
93 silly reify mark retired [
93 silly reify   'C:\\Users\\User\\Desktop\\biophlo-landing\\biophlo-landing\\node_modules\\string.prototype.codepointat'
93 silly reify ]
94 silly reify mark retired [
94 silly reify   'C:\\Users\\User\\Desktop\\biophlo-landing\\biophlo-landing\\node_modules\\strip-literal'
94 silly reify ]
95 silly reify mark retired [
95 silly reify   'C:\\Users\\User\\Desktop\\biophlo-landing\\biophlo-landing\\node_modules\\tailwindcss'
95 silly reify ]
96 silly reify mark retired [
96 silly reify   'C:\\Users\\User\\Desktop\\biophlo-landing\\biophlo-landing\\node_modules\\tiny-inflate'
96 silly reify ]
97 silly reify mark retired [
97 silly reify   'C:\\Users\\User\\Desktop\\biophlo-landing\\biophlo-landing\\node_modules\\terser'
97 silly reify ]
98 silly reify mark retired [
98 silly reify   'C:\\Users\\User\\Desktop\\biophlo-landing\\biophlo-landing\\node_modules\\terser-webpack-plugin'
98 silly reify ]
99 silly reify mark retired [
99 silly reify   'C:\\Users\\User\\Desktop\\biophlo-landing\\biophlo-landing\\node_modules\\tsx'
99 silly reify ]
100 silly reify mark retired [
100 silly reify   'C:\\Users\\User\\Desktop\\biophlo-landing\\biophlo-landing\\node_modules\\turbo-stream'
100 silly reify ]
101 silly reify mark retired [
101 silly reify   'C:\\Users\\User\\Desktop\\biophlo-landing\\biophlo-landing\\node_modules\\tw-animate-css'
101 silly reify ]
102 silly reify mark retired [
102 silly reify   'C:\\Users\\User\\Desktop\\biophlo-landing\\biophlo-landing\\node_modules\\typescript'
102 silly reify ]
103 silly reify mark retired [
103 silly reify   'C:\\Users\\User\\Desktop\\biophlo-landing\\biophlo-landing\\node_modules\\typescript-eslint'
103 silly reify ]
104 silly reify mark retired [
104 silly reify   'C:\\Users\\User\\Desktop\\biophlo-landing\\biophlo-landing\\node_modules\\undici'
104 silly reify ]
105 silly reify mark retired [
105 silly reify   'C:\\Users\\User\\Desktop\\biophlo-landing\\biophlo-landing\\node_modules\\unenv'
105 silly reify ]
106 silly reify mark retired [
106 silly reify   'C:\\Users\\User\\Desktop\\biophlo-landing\\biophlo-landing\\node_modules\\unicode-trie'
106 silly reify ]
107 silly reify mark retired [
107 silly reify   'C:\\Users\\User\\Desktop\\biophlo-landing\\biophlo-landing\\node_modules\\unpic'
107 silly reify ]
108 silly reify mark retired [
108 silly reify   'C:\\Users\\User\\Desktop\\biophlo-landing\\biophlo-landing\\node_modules\\update-browserslist-db'
108 silly reify ]
109 silly reify mark retired [
109 silly reify   'C:\\Users\\User\\Desktop\\biophlo-landing\\biophlo-landing\\node_modules\\victory-vendor'
109 silly reify ]
110 silly reify mark retired [
110 silly reify   'C:\\Users\\User\\Desktop\\biophlo-landing\\biophlo-landing\\node_modules\\vinext'
110 silly reify ]
111 silly reify mark retired [
111 silly reify   'C:\\Users\\User\\Desktop\\biophlo-landing\\biophlo-landing\\node_modules\\vite-plugin-commonjs'
111 silly reify ]
112 silly reify mark retired [
112 silly reify   'C:\\Users\\User\\Desktop\\biophlo-landing\\biophlo-landing\\node_modules\\vite'
112 silly reify ]
113 silly reify mark retired [
113 silly reify   'C:\\Users\\User\\Desktop\\biophlo-landing\\biophlo-landing\\node_modules\\vite-plugin-dynamic-import'
113 silly reify ]
114 silly reify mark retired [
114 silly reify   'C:\\Users\\User\\Desktop\\biophlo-landing\\biophlo-landing\\node_modules\\vitefu'
114 silly reify ]
115 silly reify mark retired [
115 silly reify   'C:\\Users\\User\\Desktop\\biophlo-landing\\biophlo-landing\\node_modules\\watchpack'
115 silly reify ]
116 silly reify mark retired [
116 silly reify   'C:\\Users\\User\\Desktop\\biophlo-landing\\biophlo-landing\\node_modules\\web-vitals'
116 silly reify ]
117 silly reify mark retired [
117 silly reify   'C:\\Users\\User\\Desktop\\biophlo-landing\\biophlo-landing\\node_modules\\webpack'
117 silly reify ]
118 silly reify mark retired [
118 silly reify   'C:\\Users\\User\\Desktop\\biophlo-landing\\biophlo-landing\\node_modules\\webpack-sources'
118 silly reify ]
119 silly reify mark retired [
119 silly reify   'C:\\Users\\User\\Desktop\\biophlo-landing\\biophlo-landing\\node_modules\\which'
119 silly reify ]
120 silly reify mark retired [
120 silly reify   'C:\\Users\\User\\Desktop\\biophlo-landing\\biophlo-landing\\node_modules\\wrangler'
120 silly reify ]
121 silly reify mark retired [
121 silly reify   'C:\\Users\\User\\Desktop\\biophlo-landing\\biophlo-landing\\node_modules\\workerd'
121 silly reify ]
122 silly reify mark retired [
122 silly reify   'C:\\Users\\User\\Desktop\\biophlo-landing\\biophlo-landing\\node_modules\\ws'
122 silly reify ]
123 silly reify mark retired [
123 silly reify   'C:\\Users\\User\\Desktop\\biophlo-landing\\biophlo-landing\\node_modules\\yoga-layout'
123 silly reify ]
124 silly reify mark retired [
124 silly reify   'C:\\Users\\User\\Desktop\\biophlo-landing\\biophlo-landing\\node_modules\\youch'
124 silly reify ]
125 silly reify mark retired [
125 silly reify   'C:\\Users\\User\\Desktop\\biophlo-landing\\biophlo-landing\\node_modules\\youch-core'
125 silly reify ]
126 silly reify mark retired [
126 silly reify   'C:\\Users\\User\\Desktop\\biophlo-landing\\biophlo-landing\\node_modules\\@babel\\parser'
126 silly reify ]
127 silly reify mark retired [
127 silly reify   'C:\\Users\\User\\Desktop\\biophlo-landing\\biophlo-landing\\node_modules\\@babel\\runtime'
127 silly reify ]
128 silly reify mark retired [
128 silly reify   'C:\\Users\\User\\Desktop\\biophlo-landing\\biophlo-landing\\node_modules\\@base-ui\\react'
128 silly reify ]
129 silly reify mark retired [
129 silly reify   'C:\\Users\\User\\Desktop\\biophlo-landing\\biophlo-landing\\node_modules\\@base-ui\\utils'
129 silly reify ]
130 silly reify mark retired [
130 silly reify   'C:\\Users\\User\\Desktop\\biophlo-landing\\biophlo-landing\\node_modules\\@cloudflare\\kv-asset-handler'
130 silly reify ]
131 silly reify mark retired [
131 silly reify   'C:\\Users\\User\\Desktop\\biophlo-landing\\biophlo-landing\\node_modules\\@cloudflare\\unenv-preset'
131 silly reify ]
132 silly reify mark retired [
132 silly reify   'C:\\Users\\User\\Desktop\\biophlo-landing\\biophlo-landing\\node_modules\\@cloudflare\\vite-plugin'
132 silly reify ]
133 silly reify mark retired [
133 silly reify   'C:\\Users\\User\\Desktop\\biophlo-landing\\biophlo-landing\\node_modules\\@cloudflare\\workerd-windows-64'
133 silly reify ]
134 silly reify mark retired [
134 silly reify   'C:\\Users\\User\\Desktop\\biophlo-landing\\biophlo-landing\\node_modules\\@cloudflare\\workers-types'
134 silly reify ]
135 silly reify mark retired [
135 silly reify   'C:\\Users\\User\\Desktop\\biophlo-landing\\biophlo-landing\\node_modules\\@cspotcode\\source-map-support'
135 silly reify ]
136 silly reify mark retired [
136 silly reify   'C:\\Users\\User\\Desktop\\biophlo-landing\\biophlo-landing\\node_modules\\@date-fns\\tz'
136 silly reify ]
137 silly reify mark retired [
137 silly reify   'C:\\Users\\User\\Desktop\\biophlo-landing\\biophlo-landing\\node_modules\\@drizzle-team\\brocli'
137 silly reify ]
138 silly reify mark retired [
138 silly reify   'C:\\Users\\User\\Desktop\\biophlo-landing\\biophlo-landing\\node_modules\\@esbuild\\win32-x64'
138 silly reify ]
139 silly reify mark retired [
139 silly reify   'C:\\Users\\User\\Desktop\\biophlo-landing\\biophlo-landing\\node_modules\\@esbuild-kit\\core-utils'
139 silly reify ]
140 silly reify mark retired [
140 silly reify   'C:\\Users\\User\\Desktop\\biophlo-landing\\biophlo-landing\\node_modules\\@esbuild-kit\\esm-loader'
140 silly reify ]
141 silly reify mark retired [
141 silly reify   'C:\\Users\\User\\Desktop\\biophlo-landing\\biophlo-landing\\node_modules\\@floating-ui\\core'
141 silly reify ]
142 silly reify mark retired [
142 silly reify   'C:\\Users\\User\\Desktop\\biophlo-landing\\biophlo-landing\\node_modules\\@floating-ui\\dom'
142 silly reify ]
143 silly reify mark retired [
143 silly reify   'C:\\Users\\User\\Desktop\\biophlo-landing\\biophlo-landing\\node_modules\\@floating-ui\\react-dom'
143 silly reify ]
144 silly reify mark retired [
144 silly reify   'C:\\Users\\User\\Desktop\\biophlo-landing\\biophlo-landing\\node_modules\\@floating-ui\\utils'
144 silly reify ]
145 silly reify mark retired [
145 silly reify   'C:\\Users\\User\\Desktop\\biophlo-landing\\biophlo-landing\\node_modules\\@hookform\\resolvers'
145 silly reify ]
146 silly reify mark retired [
146 silly reify   'C:\\Users\\User\\Desktop\\biophlo-landing\\biophlo-landing\\node_modules\\@jridgewell\\source-map'
146 silly reify ]
147 silly reify mark retired [
147 silly reify   'C:\\Users\\User\\Desktop\\biophlo-landing\\biophlo-landing\\node_modules\\@next\\env'
147 silly reify ]
148 silly reify mark retired [
148 silly reify   'C:\\Users\\User\\Desktop\\biophlo-landing\\biophlo-landing\\node_modules\\@next\\eslint-plugin-next'
148 silly reify ]
149 silly reify mark retired [
149 silly reify   'C:\\Users\\User\\Desktop\\biophlo-landing\\biophlo-landing\\node_modules\\@next\\swc-win32-x64-msvc'
149 silly reify ]
150 silly reify mark retired [
150 silly reify   'C:\\Users\\User\\Desktop\\biophlo-landing\\biophlo-landing\\node_modules\\@poppinss\\colors'
150 silly reify ]
151 silly reify mark retired [
151 silly reify   'C:\\Users\\User\\Desktop\\biophlo-landing\\biophlo-landing\\node_modules\\@oxc-project\\types'
151 silly reify ]
152 silly reify mark retired [
152 silly reify   'C:\\Users\\User\\Desktop\\biophlo-landing\\biophlo-landing\\node_modules\\@poppinss\\dumper'
152 silly reify ]
153 silly reify mark retired [
153 silly reify   'C:\\Users\\User\\Desktop\\biophlo-landing\\biophlo-landing\\node_modules\\@poppinss\\exception'
153 silly reify ]
154 silly reify mark retired [
154 silly reify   'C:\\Users\\User\\Desktop\\biophlo-landing\\biophlo-landing\\node_modules\\@radix-ui\\number'
154 silly reify ]
155 silly reify mark retired [
155 silly reify   'C:\\Users\\User\\Desktop\\biophlo-landing\\biophlo-landing\\node_modules\\@radix-ui\\react-accessible-icon'
155 silly reify ]
156 silly reify mark retired [
156 silly reify   'C:\\Users\\User\\Desktop\\biophlo-landing\\biophlo-landing\\node_modules\\@radix-ui\\react-accordion'
156 silly reify ]
157 silly reify mark retired [
157 silly reify   'C:\\Users\\User\\Desktop\\biophlo-landing\\biophlo-landing\\node_modules\\@radix-ui\\react-alert-dialog'
157 silly reify ]
158 silly reify mark retired [
158 silly reify   'C:\\Users\\User\\Desktop\\biophlo-landing\\biophlo-landing\\node_modules\\@radix-ui\\primitive'
158 silly reify ]
159 silly reify mark retired [
159 silly reify   'C:\\Users\\User\\Desktop\\biophlo-landing\\biophlo-landing\\node_modules\\@radix-ui\\react-arrow'
159 silly reify ]
160 silly reify mark retired [
160 silly reify   'C:\\Users\\User\\Desktop\\biophlo-landing\\biophlo-landing\\node_modules\\@radix-ui\\react-aspect-ratio'
160 silly reify ]
161 silly reify mark retired [
161 silly reify   'C:\\Users\\User\\Desktop\\biophlo-landing\\biophlo-landing\\node_modules\\@radix-ui\\react-avatar'
161 silly reify ]
162 silly reify mark retired [
162 silly reify   'C:\\Users\\User\\Desktop\\biophlo-landing\\biophlo-landing\\node_modules\\@radix-ui\\react-collapsible'
162 silly reify ]
163 silly reify mark retired [
163 silly reify   'C:\\Users\\User\\Desktop\\biophlo-landing\\biophlo-landing\\node_modules\\@radix-ui\\react-checkbox'
163 silly reify ]
164 silly reify mark retired [
164 silly reify   'C:\\Users\\User\\Desktop\\biophlo-landing\\biophlo-landing\\node_modules\\@radix-ui\\react-collection'
164 silly reify ]
165 silly reify mark retired [
165 silly reify   'C:\\Users\\User\\Desktop\\biophlo-landing\\biophlo-landing\\node_modules\\@radix-ui\\react-context'
165 silly reify ]
166 silly reify mark retired [
166 silly reify   'C:\\Users\\User\\Desktop\\biophlo-landing\\biophlo-landing\\node_modules\\@radix-ui\\react-context-menu'
166 silly reify ]
167 silly reify mark retired [
167 silly reify   'C:\\Users\\User\\Desktop\\biophlo-landing\\biophlo-landing\\node_modules\\@radix-ui\\react-dialog'
167 silly reify ]
168 silly reify mark retired [
168 silly reify   'C:\\Users\\User\\Desktop\\biophlo-landing\\biophlo-landing\\node_modules\\@radix-ui\\react-direction'
168 silly reify ]
169 silly reify mark retired [
169 silly reify   'C:\\Users\\User\\Desktop\\biophlo-landing\\biophlo-landing\\node_modules\\@radix-ui\\react-dismissable-layer'
169 silly reify ]
170 silly reify mark retired [
170 silly reify   'C:\\Users\\User\\Desktop\\biophlo-landing\\biophlo-landing\\node_modules\\@radix-ui\\react-dropdown-menu'
170 silly reify ]
171 silly reify mark retired [
171 silly reify   'C:\\Users\\User\\Desktop\\biophlo-landing\\biophlo-landing\\node_modules\\@radix-ui\\react-focus-guards'
171 silly reify ]
172 silly reify mark retired [
172 silly reify   'C:\\Users\\User\\Desktop\\biophlo-landing\\biophlo-landing\\node_modules\\@radix-ui\\react-focus-scope'
172 silly reify ]
173 silly reify mark retired [
173 silly reify   'C:\\Users\\User\\Desktop\\biophlo-landing\\biophlo-landing\\node_modules\\@radix-ui\\react-form'
173 silly reify ]
174 silly reify mark retired [
174 silly reify   'C:\\Users\\User\\Desktop\\biophlo-landing\\biophlo-landing\\node_modules\\@radix-ui\\react-hover-card'
174 silly reify ]
175 silly reify mark retired [
175 silly reify   'C:\\Users\\User\\Desktop\\biophlo-landing\\biophlo-landing\\node_modules\\@radix-ui\\react-id'
175 silly reify ]
176 silly reify mark retired [
176 silly reify   'C:\\Users\\User\\Desktop\\biophlo-landing\\biophlo-landing\\node_modules\\@radix-ui\\react-label'
176 silly reify ]
177 silly reify mark retired [
177 silly reify   'C:\\Users\\User\\Desktop\\biophlo-landing\\biophlo-landing\\node_modules\\@radix-ui\\react-menu'
177 silly reify ]
178 silly reify mark retired [
178 silly reify   'C:\\Users\\User\\Desktop\\biophlo-landing\\biophlo-landing\\node_modules\\@radix-ui\\react-menubar'
178 silly reify ]
179 silly reify mark retired [
179 silly reify   'C:\\Users\\User\\Desktop\\biophlo-landing\\biophlo-landing\\node_modules\\@radix-ui\\react-navigation-menu'
179 silly reify ]
180 silly reify mark retired [
180 silly reify   'C:\\Users\\User\\Desktop\\biophlo-landing\\biophlo-landing\\node_modules\\@radix-ui\\react-password-toggle-field'
180 silly reify ]
181 silly reify mark retired [
181 silly reify   'C:\\Users\\User\\Desktop\\biophlo-landing\\biophlo-landing\\node_modules\\@radix-ui\\react-one-time-password-field'
181 silly reify ]
182 silly reify mark retired [
182 silly reify   'C:\\Users\\User\\Desktop\\biophlo-landing\\biophlo-landing\\node_modules\\@radix-ui\\react-popover'
182 silly reify ]
183 silly reify mark retired [
183 silly reify   'C:\\Users\\User\\Desktop\\biophlo-landing\\biophlo-landing\\node_modules\\@radix-ui\\react-popper'
183 silly reify ]
184 silly reify mark retired [
184 silly reify   'C:\\Users\\User\\Desktop\\biophlo-landing\\biophlo-landing\\node_modules\\@radix-ui\\react-portal'
184 silly reify ]
185 silly reify mark retired [
185 silly reify   'C:\\Users\\User\\Desktop\\biophlo-landing\\biophlo-landing\\node_modules\\@radix-ui\\react-presence'
185 silly reify ]
186 silly reify mark retired [
186 silly reify   'C:\\Users\\User\\Desktop\\biophlo-landing\\biophlo-landing\\node_modules\\@radix-ui\\react-primitive'
186 silly reify ]
187 silly reify mark retired [
187 silly reify   'C:\\Users\\User\\Desktop\\biophlo-landing\\biophlo-landing\\node_modules\\@radix-ui\\react-progress'
187 silly reify ]
188 silly reify mark retired [
188 silly reify   'C:\\Users\\User\\Desktop\\biophlo-landing\\biophlo-landing\\node_modules\\@radix-ui\\react-radio-group'
188 silly reify ]
189 silly reify mark retired [
189 silly reify   'C:\\Users\\User\\Desktop\\biophlo-landing\\biophlo-landing\\node_modules\\@radix-ui\\react-roving-focus'
189 silly reify ]
190 silly reify mark retired [
190 silly reify   'C:\\Users\\User\\Desktop\\biophlo-landing\\biophlo-landing\\node_modules\\@radix-ui\\react-separator'
190 silly reify ]
191 silly reify mark retired [
191 silly reify   'C:\\Users\\User\\Desktop\\biophlo-landing\\biophlo-landing\\node_modules\\@radix-ui\\react-scroll-area'
191 silly reify ]
192 silly reify mark retired [
192 silly reify   'C:\\Users\\User\\Desktop\\biophlo-landing\\biophlo-landing\\node_modules\\@radix-ui\\react-select'
192 silly reify ]
193 silly reify mark retired [
193 silly reify   'C:\\Users\\User\\Desktop\\biophlo-landing\\biophlo-landing\\node_modules\\@radix-ui\\react-slider'
193 silly reify ]
194 silly reify mark retired [
194 silly reify   'C:\\Users\\User\\Desktop\\biophlo-landing\\biophlo-landing\\node_modules\\@radix-ui\\react-switch'
194 silly reify ]
195 silly reify mark retired [
195 silly reify   'C:\\Users\\User\\Desktop\\biophlo-landing\\biophlo-landing\\node_modules\\@radix-ui\\react-tabs'
195 silly reify ]
196 silly reify mark retired [
196 silly reify   'C:\\Users\\User\\Desktop\\biophlo-landing\\biophlo-landing\\node_modules\\@radix-ui\\react-toast'
196 silly reify ]
197 silly reify mark retired [
197 silly reify   'C:\\Users\\User\\Desktop\\biophlo-landing\\biophlo-landing\\node_modules\\@radix-ui\\react-toggle'
197 silly reify ]
198 silly reify mark retired [
198 silly reify   'C:\\Users\\User\\Desktop\\biophlo-landing\\biophlo-landing\\node_modules\\@radix-ui\\react-toggle-group'
198 silly reify ]
199 silly reify mark retired [
199 silly reify   'C:\\Users\\User\\Desktop\\biophlo-landing\\biophlo-landing\\node_modules\\@radix-ui\\react-toolbar'
199 silly reify ]
200 silly reify mark retired [
200 silly reify   'C:\\Users\\User\\Desktop\\biophlo-landing\\biophlo-landing\\node_modules\\@radix-ui\\react-tooltip'
200 silly reify ]
201 silly reify mark retired [
201 silly reify   'C:\\Users\\User\\Desktop\\biophlo-landing\\biophlo-landing\\node_modules\\@radix-ui\\react-use-callback-ref'
201 silly reify ]
202 silly reify mark retired [
202 silly reify   'C:\\Users\\User\\Desktop\\biophlo-landing\\biophlo-landing\\node_modules\\@radix-ui\\react-use-controllable-state'
202 silly reify ]
203 silly reify mark retired [
203 silly reify   'C:\\Users\\User\\Desktop\\biophlo-landing\\biophlo-landing\\node_modules\\@radix-ui\\react-use-effect-event'
203 silly reify ]
204 silly reify mark retired [
204 silly reify   'C:\\Users\\User\\Desktop\\biophlo-landing\\biophlo-landing\\node_modules\\@radix-ui\\react-use-escape-keydown'
204 silly reify ]
205 silly reify mark retired [
205 silly reify   'C:\\Users\\User\\Desktop\\biophlo-landing\\biophlo-landing\\node_modules\\@radix-ui\\react-use-is-hydrated'
205 silly reify ]
206 silly reify mark retired [
206 silly reify   'C:\\Users\\User\\Desktop\\biophlo-landing\\biophlo-landing\\node_modules\\@radix-ui\\react-use-layout-effect'
206 silly reify ]
207 silly reify mark retired [
207 silly reify   'C:\\Users\\User\\Desktop\\biophlo-landing\\biophlo-landing\\node_modules\\@radix-ui\\react-use-previous'
207 silly reify ]
208 silly reify mark retired [
208 silly reify   'C:\\Users\\User\\Desktop\\biophlo-landing\\biophlo-landing\\node_modules\\@radix-ui\\react-use-rect'
208 silly reify ]
209 silly reify mark retired [
209 silly reify   'C:\\Users\\User\\Desktop\\biophlo-landing\\biophlo-landing\\node_modules\\@radix-ui\\react-use-size'
209 silly reify ]
210 silly reify mark retired [
210 silly reify   'C:\\Users\\User\\Desktop\\biophlo-landing\\biophlo-landing\\node_modules\\@radix-ui\\react-visually-hidden'
210 silly reify ]
211 silly reify mark retired [
211 silly reify   'C:\\Users\\User\\Desktop\\biophlo-landing\\biophlo-landing\\node_modules\\@radix-ui\\rect'
211 silly reify ]
212 silly reify mark retired [
212 silly reify   'C:\\Users\\User\\Desktop\\biophlo-landing\\biophlo-landing\\node_modules\\@resvg\\resvg-wasm'
212 silly reify ]
213 silly reify mark retired [
213 silly reify   'C:\\Users\\User\\Desktop\\biophlo-landing\\biophlo-landing\\node_modules\\@reduxjs\\toolkit'
213 silly reify ]
214 silly reify mark retired [
214 silly reify   'C:\\Users\\User\\Desktop\\biophlo-landing\\biophlo-landing\\node_modules\\@rolldown\\binding-win32-x64-msvc'
214 silly reify ]
215 silly reify mark retired [
215 silly reify   'C:\\Users\\User\\Desktop\\biophlo-landing\\biophlo-landing\\node_modules\\@rolldown\\pluginutils'
215 silly reify ]
216 silly reify mark retired [
216 silly reify   'C:\\Users\\User\\Desktop\\biophlo-landing\\biophlo-landing\\node_modules\\@shuding\\opentype.js'
216 silly reify ]
217 silly reify mark retired [
217 silly reify   'C:\\Users\\User\\Desktop\\biophlo-landing\\biophlo-landing\\node_modules\\@shadcn\\react'
217 silly reify ]
218 silly reify mark retired [
218 silly reify   'C:\\Users\\User\\Desktop\\biophlo-landing\\biophlo-landing\\node_modules\\@sindresorhus\\is'
218 silly reify ]
219 silly reify mark retired [
219 silly reify   'C:\\Users\\User\\Desktop\\biophlo-landing\\biophlo-landing\\node_modules\\@speed-highlight\\core'
219 silly reify ]
220 silly reify mark retired [
220 silly reify   'C:\\Users\\User\\Desktop\\biophlo-landing\\biophlo-landing\\node_modules\\@standard-schema\\utils'
220 silly reify ]
221 silly reify mark retired [
221 silly reify   'C:\\Users\\User\\Desktop\\biophlo-landing\\biophlo-landing\\node_modules\\@tailwindcss\\node'
221 silly reify ]
222 silly reify mark retired [
222 silly reify   'C:\\Users\\User\\Desktop\\biophlo-landing\\biophlo-landing\\node_modules\\@tailwindcss\\oxide'
222 silly reify ]
223 silly reify mark retired [
223 silly reify   'C:\\Users\\User\\Desktop\\biophlo-landing\\biophlo-landing\\node_modules\\@tailwindcss\\oxide-win32-x64-msvc'
223 silly reify ]
224 silly reify mark retired [
224 silly reify   'C:\\Users\\User\\Desktop\\biophlo-landing\\biophlo-landing\\node_modules\\@tailwindcss\\postcss'
224 silly reify ]
225 silly reify mark retired [
225 silly reify   'C:\\Users\\User\\Desktop\\biophlo-landing\\biophlo-landing\\node_modules\\@tybys\\wasm-util'
225 silly reify ]
226 silly reify mark retired [
226 silly reify   'C:\\Users\\User\\Desktop\\biophlo-landing\\biophlo-landing\\node_modules\\@types\\eslint'
226 silly reify ]
227 silly reify mark retired [
227 silly reify   'C:\\Users\\User\\Desktop\\biophlo-landing\\biophlo-landing\\node_modules\\@types\\eslint-scope'
227 silly reify ]
228 silly reify mark retired [
228 silly reify   'C:\\Users\\User\\Desktop\\biophlo-landing\\biophlo-landing\\node_modules\\@types\\use-sync-external-store'
228 silly reify ]
229 silly reify mark retired [
229 silly reify   'C:\\Users\\User\\Desktop\\biophlo-landing\\biophlo-landing\\node_modules\\@typescript-eslint\\eslint-plugin'
229 silly reify ]
230 silly reify mark retired [
230 silly reify   'C:\\Users\\User\\Desktop\\biophlo-landing\\biophlo-landing\\node_modules\\@typescript-eslint\\project-service'
230 silly reify ]
231 silly reify mark retired [
231 silly reify   'C:\\Users\\User\\Desktop\\biophlo-landing\\biophlo-landing\\node_modules\\@typescript-eslint\\parser'
231 silly reify ]
232 silly reify mark retired [
232 silly reify   'C:\\Users\\User\\Desktop\\biophlo-landing\\biophlo-landing\\node_modules\\@typescript-eslint\\scope-manager'
232 silly reify ]
233 silly reify mark retired [
233 silly reify   'C:\\Users\\User\\Desktop\\biophlo-landing\\biophlo-landing\\node_modules\\@typescript-eslint\\tsconfig-utils'
233 silly reify ]
234 silly reify mark retired [
234 silly reify   'C:\\Users\\User\\Desktop\\biophlo-landing\\biophlo-landing\\node_modules\\@typescript-eslint\\type-utils'
234 silly reify ]
235 silly reify mark retired [
235 silly reify   'C:\\Users\\User\\Desktop\\biophlo-landing\\biophlo-landing\\node_modules\\@typescript-eslint\\types'
235 silly reify ]
236 silly reify mark retired [
236 silly reify   'C:\\Users\\User\\Desktop\\biophlo-landing\\biophlo-landing\\node_modules\\@typescript-eslint\\typescript-estree'
236 silly reify ]
237 silly reify mark retired [
237 silly reify   'C:\\Users\\User\\Desktop\\biophlo-landing\\biophlo-landing\\node_modules\\@typescript-eslint\\utils'
237 silly reify ]
238 silly reify mark retired [
238 silly reify   'C:\\Users\\User\\Desktop\\biophlo-landing\\biophlo-landing\\node_modules\\@typescript-eslint\\visitor-keys'
238 silly reify ]
239 silly reify mark retired [
239 silly reify   'C:\\Users\\User\\Desktop\\biophlo-landing\\biophlo-landing\\node_modules\\@unpic\\core'
239 silly reify ]
240 silly reify mark retired [
240 silly reify   'C:\\Users\\User\\Desktop\\biophlo-landing\\biophlo-landing\\node_modules\\@unpic\\react'
240 silly reify ]
241 silly reify mark retired [
241 silly reify   'C:\\Users\\User\\Desktop\\biophlo-landing\\biophlo-landing\\node_modules\\@vercel\\og'
241 silly reify ]
242 silly reify mark retired [
242 silly reify   'C:\\Users\\User\\Desktop\\biophlo-landing\\biophlo-landing\\node_modules\\@vinext\\types'
242 silly reify ]
243 silly reify mark retired [
243 silly reify   'C:\\Users\\User\\Desktop\\biophlo-landing\\biophlo-landing\\node_modules\\@vitejs\\plugin-react'
243 silly reify ]
244 silly reify mark retired [
244 silly reify   'C:\\Users\\User\\Desktop\\biophlo-landing\\biophlo-landing\\node_modules\\@vitejs\\plugin-rsc'
244 silly reify ]
245 silly reify mark retired [
245 silly reify   'C:\\Users\\User\\Desktop\\biophlo-landing\\biophlo-landing\\node_modules\\@webassemblyjs\\ast'
245 silly reify ]
246 silly reify mark retired [
246 silly reify   'C:\\Users\\User\\Desktop\\biophlo-landing\\biophlo-landing\\node_modules\\@webassemblyjs\\floating-point-hex-parser'
246 silly reify ]
247 silly reify mark retired [
247 silly reify   'C:\\Users\\User\\Desktop\\biophlo-landing\\biophlo-landing\\node_modules\\@webassemblyjs\\helper-api-error'
247 silly reify ]
248 silly reify mark retired [
248 silly reify   'C:\\Users\\User\\Desktop\\biophlo-landing\\biophlo-landing\\node_modules\\@webassemblyjs\\helper-buffer'
248 silly reify ]
249 silly reify mark retired [
249 silly reify   'C:\\Users\\User\\Desktop\\biophlo-landing\\biophlo-landing\\node_modules\\@webassemblyjs\\helper-numbers'
249 silly reify ]
250 silly reify mark retired [
250 silly reify   'C:\\Users\\User\\Desktop\\biophlo-landing\\biophlo-landing\\node_modules\\@webassemblyjs\\helper-wasm-bytecode'
250 silly reify ]
251 silly reify mark retired [
251 silly reify   'C:\\Users\\User\\Desktop\\biophlo-landing\\biophlo-landing\\node_modules\\@webassemblyjs\\helper-wasm-section'
251 silly reify ]
252 silly reify mark retired [
252 silly reify   'C:\\Users\\User\\Desktop\\biophlo-landing\\biophlo-landing\\node_modules\\@webassemblyjs\\utf8'
252 silly reify ]
253 silly reify mark retired [
253 silly reify   'C:\\Users\\User\\Desktop\\biophlo-landing\\biophlo-landing\\node_modules\\@webassemblyjs\\ieee754'
253 silly reify ]
254 silly reify mark retired [
254 silly reify   'C:\\Users\\User\\Desktop\\biophlo-landing\\biophlo-landing\\node_modules\\@webassemblyjs\\leb128'
254 silly reify ]
255 silly reify mark retired [
255 silly reify   'C:\\Users\\User\\Desktop\\biophlo-landing\\biophlo-landing\\node_modules\\@webassemblyjs\\wasm-edit'
255 silly reify ]
256 silly reify mark retired [
256 silly reify   'C:\\Users\\User\\Desktop\\biophlo-landing\\biophlo-landing\\node_modules\\@webassemblyjs\\wasm-gen'
256 silly reify ]
257 silly reify mark retired [
257 silly reify   'C:\\Users\\User\\Desktop\\biophlo-landing\\biophlo-landing\\node_modules\\@webassemblyjs\\wasm-opt'
257 silly reify ]
258 silly reify mark retired [
258 silly reify   'C:\\Users\\User\\Desktop\\biophlo-landing\\biophlo-landing\\node_modules\\@webassemblyjs\\wasm-parser'
258 silly reify ]
259 silly reify mark retired [
259 silly reify   'C:\\Users\\User\\Desktop\\biophlo-landing\\biophlo-landing\\node_modules\\@webassemblyjs\\wast-printer'
259 silly reify ]
260 silly reify mark retired [
260 silly reify   'C:\\Users\\User\\Desktop\\biophlo-landing\\biophlo-landing\\node_modules\\@xtuc\\ieee754'
260 silly reify ]
261 silly reify mark retired [
261 silly reify   'C:\\Users\\User\\Desktop\\biophlo-landing\\biophlo-landing\\node_modules\\@xtuc\\long'
261 silly reify ]
262 silly reify mark retired [
262 silly reify   'C:\\Users\\User\\Desktop\\biophlo-landing\\biophlo-landing\\node_modules\\is-bun-module\\node_modules\\semver'
262 silly reify ]
263 silly reify mark retired [
263 silly reify   'C:\\Users\\User\\Desktop\\biophlo-landing\\biophlo-landing\\node_modules\\sharp\\node_modules\\semver'
263 silly reify ]
264 silly reify mark retired [
264 silly reify   'C:\\Users\\User\\Desktop\\biophlo-landing\\biophlo-landing\\node_modules\\tsconfig-paths\\node_modules\\json5'
264 silly reify ]
265 silly reify moves {
265 silly reify   'C:\\Users\\User\\Desktop\\biophlo-landing\\biophlo-landing\\node_modules\\acorn': 'C:\\Users\\User\\Desktop\\biophlo-landing\\biophlo-landing\\node_modules\\.acorn-XywzEkdo',
265 silly reify   'C:\\Users\\User\\Desktop\\biophlo-landing\\biophlo-landing\\node_modules\\acorn-import-phases': 'C:\\Users\\User\\Desktop\\biophlo-landing\\biophlo-landing\\node_modules\\.acorn-import-phases-UQXafFvT',
265 silly reify   'C:\\Users\\User\\Desktop\\biophlo-landing\\biophlo-landing\\node_modules\\acorn-loose': 'C:\\Users\\User\\Desktop\\biophlo-landing\\biophlo-landing\\node_modules\\.acorn-loose-1qZIyIrH',
265 silly reify   'C:\\Users\\User\\Desktop\\biophlo-landing\\biophlo-landing\\node_modules\\axe-core': 'C:\\Users\\User\\Desktop\\biophlo-landing\\biophlo-landing\\node_modules\\.axe-core-mTU9kCyT',
265 silly reify   'C:\\Users\\User\\Desktop\\biophlo-landing\\biophlo-landing\\node_modules\\base64-js': 'C:\\Users\\User\\Desktop\\biophlo-landing\\biophlo-landing\\node_modules\\.base64-js-uPnrf6FX',
265 silly reify   'C:\\Users\\User\\Desktop\\biophlo-landing\\biophlo-landing\\node_modules\\baseline-browser-mapping': 'C:\\Users\\User\\Desktop\\biophlo-landing\\biophlo-landing\\node_modules\\.baseline-browser-mapping-9BzAK4ix',
265 silly reify   'C:\\Users\\User\\Desktop\\biophlo-landing\\biophlo-landing\\node_modules\\blake3-wasm': 'C:\\Users\\User\\Desktop\\biophlo-landing\\biophlo-landing\\node_modules\\.blake3-wasm-fiUlfmCw',
265 silly reify   'C:\\Users\\User\\Desktop\\biophlo-landing\\biophlo-landing\\node_modules\\browserslist': 'C:\\Users\\User\\Desktop\\biophlo-landing\\biophlo-landing\\node_modules\\.browserslist-reNqff0C',
265 silly reify   'C:\\Users\\User\\Desktop\\biophlo-landing\\biophlo-landing\\node_modules\\buffer-from': 'C:\\Users\\User\\Desktop\\biophlo-landing\\biophlo-landing\\node_modules\\.buffer-from-EHOtpGkP',
265 silly reify   'C:\\Users\\User\\Desktop\\biophlo-landing\\biophlo-landing\\node_modules\\camelize': 'C:\\Users\\User\\Desktop\\biophlo-landing\\biophlo-landing\\node_modules\\.camelize-0WMYzJBA',
265 silly reify   'C:\\Users\\User\\Desktop\\biophlo-landing\\biophlo-landing\\node_modules\\caniuse-lite': 'C:\\Users\\User\\Desktop\\biophlo-landing\\biophlo-landing\\node_modules\\.caniuse-lite-pvONYnHz',
265 silly reify   'C:\\Users\\User\\Desktop\\biophlo-landing\\biophlo-landing\\node_modules\\chrome-trace-event': 'C:\\Users\\User\\Desktop\\biophlo-landing\\biophlo-landing\\node_modules\\.chrome-trace-event-ZDlp9I65',
265 silly reify   'C:\\Users\\User\\Desktop\\biophlo-landing\\biophlo-landing\\node_modules\\commander': 'C:\\Users\\User\\Desktop\\biophlo-landing\\biophlo-landing\\node_modules\\.commander-Jau4CrPQ',
265 silly reify   'C:\\Users\\User\\Desktop\\biophlo-landing\\biophlo-landing\\node_modules\\css-background-parser': 'C:\\Users\\User\\Desktop\\biophlo-landing\\biophlo-landing\\node_modules\\.css-background-parser-k6nGv1jh',
265 silly reify   'C:\\Users\\User\\Desktop\\biophlo-landing\\biophlo-landing\\node_modules\\css-box-shadow': 'C:\\Users\\User\\Desktop\\biophlo-landing\\biophlo-landing\\node_modules\\.css-box-shadow-NAgpJH7c',
265 silly reify   'C:\\Users\\User\\Desktop\\biophlo-landing\\biophlo-landing\\node_modules\\css-color-keywords': 'C:\\Users\\User\\Desktop\\biophlo-landing\\biophlo-landing\\node_modules\\.css-color-keywords-fe7W7c4y',
265 silly reify   'C:\\Users\\User\\Desktop\\biophlo-landing\\biophlo-landing\\node_modules\\css-to-react-native': 'C:\\Users\\User\\Desktop\\biophlo-landing\\biophlo-landing\\node_modules\\.css-to-react-native-0x5qvZSJ',
265 silly reify   'C:\\Users\\User\\Desktop\\biophlo-landing\\biophlo-landing\\node_modules\\css-gradient-parser': 'C:\\Users\\User\\Desktop\\biophlo-landing\\biophlo-landing\\node_modules\\.css-gradient-parser-OK0lUEnF',
265 silly reify   'C:\\Users\\User\\Desktop\\biophlo-landing\\biophlo-landing\\node_modules\\date-fns': 'C:\\Users\\User\\Desktop\\biophlo-landing\\biophlo-landing\\node_modules\\.date-fns-5Kl8WWrH',
265 silly reify   'C:\\Users\\User\\Desktop\\biophlo-landing\\biophlo-landing\\node_modules\\drizzle-kit': 'C:\\Users\\User\\Desktop\\biophlo-landing\\biophlo-landing\\node_modules\\.drizzle-kit-Pxqj7GA0',
265 silly reify   'C:\\Users\\User\\Desktop\\biophlo-landing\\biophlo-landing\\node_modules\\drizzle-orm': 'C:\\Users\\User\\Desktop\\biophlo-landing\\biophlo-landing\\node_modules\\.drizzle-orm-dzo3OONF',
265 silly reify   'C:\\Users\\User\\Desktop\\biophlo-landing\\biophlo-landing\\node_modules\\electron-to-chromium': 'C:\\Users\\User\\Desktop\\biophlo-landing\\biophlo-landing\\node_modules\\.electron-to-chromium-MbuUjVIq',
265 silly reify   'C:\\Users\\User\\Desktop\\biophlo-landing\\biophlo-landing\\node_modules\\emoji-regex-xs': 'C:\\Users\\User\\Desktop\\biophlo-landing\\biophlo-landing\\node_modules\\.emoji-regex-xs-zwNI3N6P',
265 silly reify   'C:\\Users\\User\\Desktop\\biophlo-landing\\biophlo-landing\\node_modules\\error-stack-parser-es': 'C:\\Users\\User\\Desktop\\biophlo-landing\\biophlo-landing\\node_modules\\.error-stack-parser-es-J5sXxNSd',
265 silly reify   'C:\\Users\\User\\Desktop\\biophlo-landing\\biophlo-landing\\node_modules\\es-module-lexer': 'C:\\Users\\User\\Desktop\\biophlo-landing\\biophlo-landing\\node_modules\\.es-module-lexer-qeT04p4b',
265 silly reify   'C:\\Users\\User\\Desktop\\biophlo-landing\\biophlo-landing\\node_modules\\es-toolkit': 'C:\\Users\\User\\Desktop\\biophlo-landing\\biophlo-landing\\node_modules\\.es-toolkit-ygJe7hv3',
265 silly reify   'C:\\Users\\User\\Desktop\\biophlo-landing\\biophlo-landing\\node_modules\\esbuild': 'C:\\Users\\User\\Desktop\\biophlo-landing\\biophlo-landing\\node_modules\\.esbuild-xHaJKoLU',
265 silly reify   'C:\\Users\\User\\Desktop\\biophlo-landing\\biophlo-landing\\node_modules\\eslint': 'C:\\Users\\User\\Desktop\\biophlo-landing\\biophlo-landing\\node_modules\\.eslint-WNb4CMB2',
265 silly reify   'C:\\Users\\User\\Desktop\\biophlo-landing\\biophlo-landing\\node_modules\\eslint-config-next': 'C:\\Users\\User\\Desktop\\biophlo-landing\\biophlo-landing\\node_modules\\.eslint-config-next-KtJPY2PI',
265 silly reify   'C:\\Users\\User\\Desktop\\biophlo-landing\\biophlo-landing\\node_modules\\estree-walker': 'C:\\Users\\User\\Desktop\\biophlo-landing\\biophlo-landing\\node_modules\\.estree-walker-9GGemEiO',
265 silly reify   'C:\\Users\\User\\Desktop\\biophlo-landing\\biophlo-landing\\node_modules\\eventemitter3': 'C:\\Users\\User\\Desktop\\biophlo-landing\\biophlo-landing\\node_modules\\.eventemitter3-gxtBEHFt',
265 silly reify   'C:\\Users\\User\\Desktop\\biophlo-landing\\biophlo-landing\\node_modules\\events': 'C:\\Users\\User\\Desktop\\biophlo-landing\\biophlo-landing\\node_modules\\.events-jCS1MYsr',
265 silly reify   'C:\\Users\\User\\Desktop\\biophlo-landing\\biophlo-landing\\node_modules\\fast-uri': 'C:\\Users\\User\\Desktop\\biophlo-landing\\biophlo-landing\\node_modules\\.fast-uri-Wbp6Mu7L',
265 silly reify   'C:\\Users\\User\\Desktop\\biophlo-landing\\biophlo-landing\\node_modules\\fflate': 'C:\\Users\\User\\Desktop\\biophlo-landing\\biophlo-landing\\node_modules\\.fflate-87PkMTnq',
265 silly reify   'C:\\Users\\User\\Desktop\\biophlo-landing\\biophlo-landing\\node_modules\\glob-to-regexp': 'C:\\Users\\User\\Desktop\\biophlo-landing\\biophlo-landing\\node_modules\\.glob-to-regexp-nbCUGzK0',
265 silly reify   'C:\\Users\\User\\Desktop\\biophlo-landing\\biophlo-landing\\node_modules\\hex-rgb': 'C:\\Users\\User\\Desktop\\biophlo-landing\\biophlo-landing\\node_modules\\.hex-rgb-IpRJ3QhV',
265 silly reify   'C:\\Users\\User\\Desktop\\biophlo-landing\\biophlo-landing\\node_modules\\image-size': 'C:\\Users\\User\\Desktop\\biophlo-landing\\biophlo-landing\\node_modules\\.image-size-LqZfNrTA',
265 silly reify   'C:\\Users\\User\\Desktop\\biophlo-landing\\biophlo-landing\\node_modules\\immer': 'C:\\Users\\User\\Desktop\\biophlo-landing\\biophlo-landing\\node_modules\\.immer-YBO1HcBn',
265 silly reify   'C:\\Users\\User\\Desktop\\biophlo-landing\\biophlo-landing\\node_modules\\is-core-module': 'C:\\Users\\User\\Desktop\\biophlo-landing\\biophlo-landing\\node_modules\\.is-core-module-XleyXeIk',
265 silly reify   'C:\\Users\\User\\Desktop\\biophlo-landing\\biophlo-landing\\node_modules\\jest-worker': 'C:\\Users\\User\\Desktop\\biophlo-landing\\biophlo-landing\\node_modules\\.jest-worker-Hk13SdtN',
265 silly reify   'C:\\Users\\User\\Desktop\\biophlo-landing\\biophlo-landing\\node_modules\\jiti': 'C:\\Users\\User\\Desktop\\biophlo-landing\\biophlo-landing\\node_modules\\.jiti-zXwpqZan',
265 silly reify   'C:\\Users\\User\\Desktop\\biophlo-landing\\biophlo-landing\\node_modules\\js-yaml': 'C:\\Users\\User\\Desktop\\biophlo-landing\\biophlo-landing\\node_modules\\.js-yaml-uinx4dlc',
265 silly reify   'C:\\Users\\User\\Desktop\\biophlo-landing\\biophlo-landing\\node_modules\\jsesc': 'C:\\Users\\User\\Desktop\\biophlo-landing\\biophlo-landing\\node_modules\\.jsesc-VLXbj9ES',
265 silly reify   'C:\\Users\\User\\Desktop\\biophlo-landing\\biophlo-landing\\node_modules\\json5': 'C:\\Users\\User\\Desktop\\biophlo-landing\\biophlo-landing\\node_modules\\.json5-JzofHAcL',
265 silly reify   'C:\\Users\\User\\Desktop\\biophlo-landing\\biophlo-landing\\node_modules\\kleur': 'C:\\Users\\User\\Desktop\\biophlo-landing\\biophlo-landing\\node_modules\\.kleur-pAnS6JVA',
265 silly reify   'C:\\Users\\User\\Desktop\\biophlo-landing\\biophlo-landing\\node_modules\\lightningcss': 'C:\\Users\\User\\Desktop\\biophlo-landing\\biophlo-landing\\node_modules\\.lightningcss-nIXlgLkg',
265 silly reify   'C:\\Users\\User\\Desktop\\biophlo-landing\\biophlo-landing\\node_modules\\lightningcss-win32-x64-msvc': 'C:\\Users\\User\\Desktop\\biophlo-landing\\biophlo-landing\\node_modules\\.lightningcss-win32-x64-msvc-KoYCrezU',
265 silly reify   'C:\\Users\\User\\Desktop\\biophlo-landing\\biophlo-landing\\node_modules\\linebreak': 'C:\\Users\\User\\Desktop\\biophlo-landing\\biophlo-landing\\node_modules\\.linebreak-LOigNd97',
265 silly reify   'C:\\Users\\User\\Desktop\\biophlo-landing\\biophlo-landing\\node_modules\\loader-runner': 'C:\\Users\\User\\Desktop\\biophlo-landing\\biophlo-landing\\node_modules\\.loader-runner-p7G6LrW2',
265 silly reify   'C:\\Users\\User\\Desktop\\biophlo-landing\\biophlo-landing\\node_modules\\loose-envify': 'C:\\Users\\User\\Desktop\\biophlo-landing\\biophlo-landing\\node_modules\\.loose-envify-9dfgXq3Q',
265 silly reify   'C:\\Users\\User\\Desktop\\biophlo-landing\\biophlo-landing\\node_modules\\lucide-react': 'C:\\Users\\User\\Desktop\\biophlo-landing\\biophlo-landing\\node_modules\\.lucide-react-qOCgGz1L',
265 silly reify   'C:\\Users\\User\\Desktop\\biophlo-landing\\biophlo-landing\\node_modules\\merge-stream': 'C:\\Users\\User\\Desktop\\biophlo-landing\\biophlo-landing\\node_modules\\.merge-stream-GEMFIiyc',
265 silly reify   'C:\\Users\\User\\Desktop\\biophlo-landing\\biophlo-landing\\node_modules\\miniflare': 'C:\\Users\\User\\Desktop\\biophlo-landing\\biophlo-landing\\node_modules\\.miniflare-3d41BkOk',
265 silly reify   'C:\\Users\\User\\Desktop\\biophlo-landing\\biophlo-landing\\node_modules\\nanoid': 'C:\\Users\\User\\Desktop\\biophlo-landing\\biophlo-landing\\node_modules\\.nanoid-FvmuMcaW',
265 silly reify   'C:\\Users\\User\\Desktop\\biophlo-landing\\biophlo-landing\\node_modules\\napi-postinstall': 'C:\\Users\\User\\Desktop\\biophlo-landing\\biophlo-landing\\node_modules\\.napi-postinstall-8fomrME4',
265 silly reify   'C:\\Users\\User\\Desktop\\biophlo-landing\\biophlo-landing\\node_modules\\neo-async': 'C:\\Users\\User\\Desktop\\biophlo-landing\\biophlo-landing\\node_modules\\.neo-async-SlO0PPbS',
265 silly reify   'C:\\Users\\User\\Desktop\\biophlo-landing\\biophlo-landing\\node_modules\\next': 'C:\\Users\\User\\Desktop\\biophlo-landing\\biophlo-landing\\node_modules\\.next-2kXa8iQy',
265 silly reify   'C:\\Users\\User\\Desktop\\biophlo-landing\\biophlo-landing\\node_modules\\pako': 'C:\\Users\\User\\Desktop\\biophlo-landing\\biophlo-landing\\node_modules\\.pako-OPt1MDSh',
265 silly reify   'C:\\Users\\User\\Desktop\\biophlo-landing\\biophlo-landing\\node_modules\\parse-css-color': 'C:\\Users\\User\\Desktop\\biophlo-landing\\biophlo-landing\\node_modules\\.parse-css-color-vpfmL5jD',
265 silly reify   'C:\\Users\\User\\Desktop\\biophlo-landing\\biophlo-landing\\node_modules\\path-to-regexp': 'C:\\Users\\User\\Desktop\\biophlo-landing\\biophlo-landing\\node_modules\\.path-to-regexp-0GQtKwBk',
265 silly reify   'C:\\Users\\User\\Desktop\\biophlo-landing\\biophlo-landing\\node_modules\\radix-ui': 'C:\\Users\\User\\Desktop\\biophlo-landing\\biophlo-landing\\node_modules\\.radix-ui-gLPFywn7',
265 silly reify   'C:\\Users\\User\\Desktop\\biophlo-landing\\biophlo-landing\\node_modules\\react-day-picker': 'C:\\Users\\User\\Desktop\\biophlo-landing\\biophlo-landing\\node_modules\\.react-day-picker-9xPbSgo4',
265 silly reify   'C:\\Users\\User\\Desktop\\biophlo-landing\\biophlo-landing\\node_modules\\react-hook-form': 'C:\\Users\\User\\Desktop\\biophlo-landing\\biophlo-landing\\node_modules\\.react-hook-form-iTXEsDGi',
265 silly reify   'C:\\Users\\User\\Desktop\\biophlo-landing\\biophlo-landing\\node_modules\\react-redux': 'C:\\Users\\User\\Desktop\\biophlo-landing\\biophlo-landing\\node_modules\\.react-redux-1e5OxrP3',
265 silly reify   'C:\\Users\\User\\Desktop\\biophlo-landing\\biophlo-landing\\node_modules\\react-resizable-panels': 'C:\\Users\\User\\Desktop\\biophlo-landing\\biophlo-landing\\node_modules\\.react-resizable-panels-eeRB5bWh',
265 silly reify   'C:\\Users\\User\\Desktop\\biophlo-landing\\biophlo-landing\\node_modules\\react-server-dom-webpack': 'C:\\Users\\User\\Desktop\\biophlo-landing\\biophlo-landing\\node_modules\\.react-server-dom-webpack-OdZuBxoL',
265 silly reify   'C:\\Users\\User\\Desktop\\biophlo-landing\\biophlo-landing\\node_modules\\recharts': 'C:\\Users\\User\\Desktop\\biophlo-landing\\biophlo-landing\\node_modules\\.recharts-7Sd1sSRU',
265 silly reify   'C:\\Users\\User\\Desktop\\biophlo-landing\\biophlo-landing\\node_modules\\redux': 'C:\\Users\\User\\Desktop\\biophlo-landing\\biophlo-landing\\node_modules\\.redux-SQlQdHsR',
265 silly reify   'C:\\Users\\User\\Desktop\\biophlo-landing\\biophlo-landing\\node_modules\\redux-thunk': 'C:\\Users\\User\\Desktop\\biophlo-landing\\biophlo-landing\\node_modules\\.redux-thunk-q4SRQUX4',
265 silly reify   'C:\\Users\\User\\Desktop\\biophlo-landing\\biophlo-landing\\node_modules\\reselect': 'C:\\Users\\User\\Desktop\\biophlo-landing\\biophlo-landing\\node_modules\\.reselect-nrv1Krat',
265 silly reify   'C:\\Users\\User\\Desktop\\biophlo-landing\\biophlo-landing\\node_modules\\resolve': 'C:\\Users\\User\\Desktop\\biophlo-landing\\biophlo-landing\\node_modules\\.resolve-2H5wDZB6',
265 silly reify   'C:\\Users\\User\\Desktop\\biophlo-landing\\biophlo-landing\\node_modules\\rolldown': 'C:\\Users\\User\\Desktop\\biophlo-landing\\biophlo-landing\\node_modules\\.rolldown-u5quXggo',
265 silly reify   'C:\\Users\\User\\Desktop\\biophlo-landing\\biophlo-landing\\node_modules\\satori': 'C:\\Users\\User\\Desktop\\biophlo-landing\\biophlo-landing\\node_modules\\.satori-2VrseJFn',
265 silly reify   'C:\\Users\\User\\Desktop\\biophlo-landing\\biophlo-landing\\node_modules\\schema-utils': 'C:\\Users\\User\\Desktop\\biophlo-landing\\biophlo-landing\\node_modules\\.schema-utils-z8GjSGuE',
265 silly reify   'C:\\Users\\User\\Desktop\\biophlo-landing\\biophlo-landing\\node_modules\\semver': 'C:\\Users\\User\\Desktop\\biophlo-landing\\biophlo-landing\\node_modules\\.semver-43YmrjNX',
265 silly reify   'C:\\Users\\User\\Desktop\\biophlo-landing\\biophlo-landing\\node_modules\\sonner': 'C:\\Users\\User\\Desktop\\biophlo-landing\\biophlo-landing\\node_modules\\.sonner-AYEitRFG',
265 silly reify   'C:\\Users\\User\\Desktop\\biophlo-landing\\biophlo-landing\\node_modules\\source-map': 'C:\\Users\\User\\Desktop\\biophlo-landing\\biophlo-landing\\node_modules\\.source-map-67uqTGjr',
265 silly reify   'C:\\Users\\User\\Desktop\\biophlo-landing\\biophlo-landing\\node_modules\\srvx': 'C:\\Users\\User\\Desktop\\biophlo-landing\\biophlo-landing\\node_modules\\.srvx-DSPV7DT8',
265 silly reify   'C:\\Users\\User\\Desktop\\biophlo-landing\\biophlo-landing\\node_modules\\source-map-support': 'C:\\Users\\User\\Desktop\\biophlo-landing\\biophlo-landing\\node_modules\\.source-map-support-DfkAoFcX',
265 silly reify   'C:\\Users\\User\\Desktop\\biophlo-landing\\biophlo-landing\\node_modules\\string.prototype.codepointat': 'C:\\Users\\User\\Desktop\\biophlo-landing\\biophlo-landing\\node_modules\\.string.prototype.codepointat-m95LUYD1',
265 silly reify   'C:\\Users\\User\\Desktop\\biophlo-landing\\biophlo-landing\\node_modules\\strip-literal': 'C:\\Users\\User\\Desktop\\biophlo-landing\\biophlo-landing\\node_modules\\.strip-literal-Bebjs2PK',
265 silly reify   'C:\\Users\\User\\Desktop\\biophlo-landing\\biophlo-landing\\node_modules\\tailwindcss': 'C:\\Users\\User\\Desktop\\biophlo-landing\\biophlo-landing\\node_modules\\.tailwindcss-jtPY2v8o',
265 silly reify   'C:\\Users\\User\\Desktop\\biophlo-landing\\biophlo-landing\\node_modules\\tiny-inflate': 'C:\\Users\\User\\Desktop\\biophlo-landing\\biophlo-landing\\node_modules\\.tiny-inflate-5QhJWNcG',
265 silly reify   'C:\\Users\\User\\Desktop\\biophlo-landing\\biophlo-landing\\node_modules\\terser': 'C:\\Users\\User\\Desktop\\biophlo-landing\\biophlo-landing\\node_modules\\.terser-iVRn8Q1G',
265 silly reify   'C:\\Users\\User\\Desktop\\biophlo-landing\\biophlo-landing\\node_modules\\terser-webpack-plugin': 'C:\\Users\\User\\Desktop\\biophlo-landing\\biophlo-landing\\node_modules\\.terser-webpack-plugin-xhFiqftC',
265 silly reify   'C:\\Users\\User\\Desktop\\biophlo-landing\\biophlo-landing\\node_modules\\tsx': 'C:\\Users\\User\\Desktop\\biophlo-landing\\biophlo-landing\\node_modules\\.tsx-e06uiLcb',
265 silly reify   'C:\\Users\\User\\Desktop\\biophlo-landing\\biophlo-landing\\node_modules\\turbo-stream': 'C:\\Users\\User\\Desktop\\biophlo-landing\\biophlo-landing\\node_modules\\.turbo-stream-CmbcDFdt',
265 silly reify   'C:\\Users\\User\\Desktop\\biophlo-landing\\biophlo-landing\\node_modules\\tw-animate-css': 'C:\\Users\\User\\Desktop\\biophlo-landing\\biophlo-landing\\node_modules\\.tw-animate-css-1LHQrzNL',
265 silly reify   'C:\\Users\\User\\Desktop\\biophlo-landing\\biophlo-landing\\node_modules\\typescript': 'C:\\Users\\User\\Desktop\\biophlo-landing\\biophlo-landing\\node_modules\\.typescript-DriBqnlS',
265 silly reify   'C:\\Users\\User\\Desktop\\biophlo-landing\\biophlo-landing\\node_modules\\typescript-eslint': 'C:\\Users\\User\\Desktop\\biophlo-landing\\biophlo-landing\\node_modules\\.typescript-eslint-xoxEUFpL',
265 silly reify   'C:\\Users\\User\\Desktop\\biophlo-landing\\biophlo-landing\\node_modules\\undici': 'C:\\Users\\User\\Desktop\\biophlo-landing\\biophlo-landing\\node_modules\\.undici-9A6Ifa8x',
265 silly reify   'C:\\Users\\User\\Desktop\\biophlo-landing\\biophlo-landing\\node_modules\\unenv': 'C:\\Users\\User\\Desktop\\biophlo-landing\\biophlo-landing\\node_modules\\.unenv-PwyC7I6T',
265 silly reify   'C:\\Users\\User\\Desktop\\biophlo-landing\\biophlo-landing\\node_modules\\unicode-trie': 'C:\\Users\\User\\Desktop\\biophlo-landing\\biophlo-landing\\node_modules\\.unicode-trie-g7c0xPki',
265 silly reify   'C:\\Users\\User\\Desktop\\biophlo-landing\\biophlo-landing\\node_modules\\unpic': 'C:\\Users\\User\\Desktop\\biophlo-landing\\biophlo-landing\\node_modules\\.unpic-eIrqA04e',
265 silly reify   'C:\\Users\\User\\Desktop\\biophlo-landing\\biophlo-landing\\node_modules\\update-browserslist-db': 'C:\\Users\\User\\Desktop\\biophlo-landing\\biophlo-landing\\node_modules\\.update-browserslist-db-QbltNzwf',
265 silly reify   'C:\\Users\\User\\Desktop\\biophlo-landing\\biophlo-landing\\node_modules\\victory-vendor': 'C:\\Users\\User\\Desktop\\biophlo-landing\\biophlo-landing\\node_modules\\.victory-vendor-i1beREqu',
265 silly reify   'C:\\Users\\User\\Desktop\\biophlo-landing\\biophlo-landing\\node_modules\\vinext': 'C:\\Users\\User\\Desktop\\biophlo-landing\\biophlo-landing\\node_modules\\.vinext-dUNKyTZz',
265 silly reify   'C:\\Users\\User\\Desktop\\biophlo-landing\\biophlo-landing\\node_modules\\vite-plugin-commonjs': 'C:\\Users\\User\\Desktop\\biophlo-landing\\biophlo-landing\\node_modules\\.vite-plugin-commonjs-HSATCe4k',
265 silly reify   'C:\\Users\\User\\Desktop\\biophlo-landing\\biophlo-landing\\node_modules\\vite': 'C:\\Users\\User\\Desktop\\biophlo-landing\\biophlo-landing\\node_modules\\.vite-H3gEwrst',
265 silly reify   'C:\\Users\\User\\Desktop\\biophlo-landing\\biophlo-landing\\node_modules\\vite-plugin-dynamic-import': 'C:\\Users\\User\\Desktop\\biophlo-landing\\biophlo-landing\\node_modules\\.vite-plugin-dynamic-import-HmglqoFD',
265 silly reify   'C:\\Users\\User\\Desktop\\biophlo-landing\\biophlo-landing\\node_modules\\vitefu': 'C:\\Users\\User\\Desktop\\biophlo-landing\\biophlo-landing\\node_modules\\.vitefu-fSn8hLlp',
265 silly reify   'C:\\Users\\User\\Desktop\\biophlo-landing\\biophlo-landing\\node_modules\\watchpack': 'C:\\Users\\User\\Desktop\\biophlo-landing\\biophlo-landing\\node_modules\\.watchpack-75bQoCaS',
265 silly reify   'C:\\Users\\User\\Desktop\\biophlo-landing\\biophlo-landing\\node_modules\\web-vitals': 'C:\\Users\\User\\Desktop\\biophlo-landing\\biophlo-landing\\node_modules\\.web-vitals-d33AVkEa',
265 silly reify   'C:\\Users\\User\\Desktop\\biophlo-landing\\biophlo-landing\\node_modules\\webpack': 'C:\\Users\\User\\Desktop\\biophlo-landing\\biophlo-landing\\node_modules\\.webpack-CMBCokEZ',
265 silly reify   'C:\\Users\\User\\Desktop\\biophlo-landing\\biophlo-landing\\node_modules\\webpack-sources': 'C:\\Users\\User\\Desktop\\biophlo-landing\\biophlo-landing\\node_modules\\.webpack-sources-DdcvwldF',
265 silly reify   'C:\\Users\\User\\Desktop\\biophlo-landing\\biophlo-landing\\node_modules\\which': 'C:\\Users\\User\\Desktop\\biophlo-landing\\biophlo-landing\\node_modules\\.which-1z5hIG0v',
265 silly reify   'C:\\Users\\User\\Desktop\\biophlo-landing\\biophlo-landing\\node_modules\\wrangler': 'C:\\Users\\User\\Desktop\\biophlo-landing\\biophlo-landing\\node_modules\\.wrangler-PPTBimu7',
265 silly reify   'C:\\Users\\User\\Desktop\\biophlo-landing\\biophlo-landing\\node_modules\\workerd': 'C:\\Users\\User\\Desktop\\biophlo-landing\\biophlo-landing\\node_modules\\.workerd-WNawJYax',
265 silly reify   'C:\\Users\\User\\Desktop\\biophlo-landing\\biophlo-landing\\node_modules\\ws': 'C:\\Users\\User\\Desktop\\biophlo-landing\\biophlo-landing\\node_modules\\.ws-jRtsEX4T',
265 silly reify   'C:\\Users\\User\\Desktop\\biophlo-landing\\biophlo-landing\\node_modules\\yoga-layout': 'C:\\Users\\User\\Desktop\\biophlo-landing\\biophlo-landing\\node_modules\\.yoga-layout-GEmF4THL',
265 silly reify   'C:\\Users\\User\\Desktop\\biophlo-landing\\biophlo-landing\\node_modules\\youch': 'C:\\Users\\User\\Desktop\\biophlo-landing\\biophlo-landing\\node_modules\\.youch-BT1rE2BB',
265 silly reify   'C:\\Users\\User\\Desktop\\biophlo-landing\\biophlo-landing\\node_modules\\youch-core': 'C:\\Users\\User\\Desktop\\biophlo-landing\\biophlo-landing\\node_modules\\.youch-core-uwaIoB9Q',
265 silly reify   'C:\\Users\\User\\Desktop\\biophlo-landing\\biophlo-landing\\node_modules\\@babel\\parser': 'C:\\Users\\User\\Desktop\\biophlo-landing\\biophlo-landing\\node_modules\\@babel\\.parser-l5qoGJYR',
265 silly reify   'C:\\Users\\User\\Desktop\\biophlo-landing\\biophlo-landing\\node_modules\\@babel\\runtime': 'C:\\Users\\User\\Desktop\\biophlo-landing\\biophlo-landing\\node_modules\\@babel\\.runtime-GN0CwRFW',
265 silly reify   'C:\\Users\\User\\Desktop\\biophlo-landing\\biophlo-landing\\node_modules\\@base-ui\\react': 'C:\\Users\\User\\Desktop\\biophlo-landing\\biophlo-landing\\node_modules\\@base-ui\\.react-TRSsFl3g',
265 silly reify   'C:\\Users\\User\\Desktop\\biophlo-landing\\biophlo-landing\\node_modules\\@base-ui\\utils': 'C:\\Users\\User\\Desktop\\biophlo-landing\\biophlo-landing\\node_modules\\@base-ui\\.utils-KGyvz2Jc',
265 silly reify   'C:\\Users\\User\\Desktop\\biophlo-landing\\biophlo-landing\\node_modules\\@cloudflare\\kv-asset-handler': 'C:\\Users\\User\\Desktop\\biophlo-landing\\biophlo-landing\\node_modules\\@cloudflare\\.kv-asset-handler-TPH0sgh1',
265 silly reify   'C:\\Users\\User\\Desktop\\biophlo-landing\\biophlo-landing\\node_modules\\@cloudflare\\unenv-preset': 'C:\\Users\\User\\Desktop\\biophlo-landing\\biophlo-landing\\node_modules\\@cloudflare\\.unenv-preset-9OPkU8CZ',
265 silly reify   'C:\\Users\\User\\Desktop\\biophlo-landing\\biophlo-landing\\node_modules\\@cloudflare\\vite-plugin': 'C:\\Users\\User\\Desktop\\biophlo-landing\\biophlo-landing\\node_modules\\@cloudflare\\.vite-plugin-D1iCWwve',
265 silly reify   'C:\\Users\\User\\Desktop\\biophlo-landing\\biophlo-landing\\node_modules\\@cloudflare\\workerd-windows-64': 'C:\\Users\\User\\Desktop\\biophlo-landing\\biophlo-landing\\node_modules\\@cloudflare\\.workerd-windows-64-n0bpA3Ca',
265 silly reify   'C:\\Users\\User\\Desktop\\biophlo-landing\\biophlo-landing\\node_modules\\@cloudflare\\workers-types': 'C:\\Users\\User\\Desktop\\biophlo-landing\\biophlo-landing\\node_modules\\@cloudflare\\.workers-types-8jWHTpvZ',
265 silly reify   'C:\\Users\\User\\Desktop\\biophlo-landing\\biophlo-landing\\node_modules\\@cspotcode\\source-map-support': 'C:\\Users\\User\\Desktop\\biophlo-landing\\biophlo-landing\\node_modules\\@cspotcode\\.source-map-support-0eiclqOU',
265 silly reify   'C:\\Users\\User\\Desktop\\biophlo-landing\\biophlo-landing\\node_modules\\@date-fns\\tz': 'C:\\Users\\User\\Desktop\\biophlo-landing\\biophlo-landing\\node_modules\\@date-fns\\.tz-2WHlb0AM',
265 silly reify   'C:\\Users\\User\\Desktop\\biophlo-landing\\biophlo-landing\\node_modules\\@drizzle-team\\brocli': 'C:\\Users\\User\\Desktop\\biophlo-landing\\biophlo-landing\\node_modules\\@drizzle-team\\.brocli-nldqijbz',
265 silly reify   'C:\\Users\\User\\Desktop\\biophlo-landing\\biophlo-landing\\node_modules\\@esbuild\\win32-x64': 'C:\\Users\\User\\Desktop\\biophlo-landing\\biophlo-landing\\node_modules\\@esbuild\\.win32-x64-SO6F07Rq',
265 silly reify   'C:\\Users\\User\\Desktop\\biophlo-landing\\biophlo-landing\\node_modules\\@esbuild-kit\\core-utils': 'C:\\Users\\User\\Desktop\\biophlo-landing\\biophlo-landing\\node_modules\\@esbuild-kit\\.core-utils-Om7inUTn',
265 silly reify   'C:\\Users\\User\\Desktop\\biophlo-landing\\biophlo-landing\\node_modules\\@esbuild-kit\\esm-loader': 'C:\\Users\\User\\Desktop\\biophlo-landing\\biophlo-landing\\node_modules\\@esbuild-kit\\.esm-loader-ibggcG9S',
265 silly reify   'C:\\Users\\User\\Desktop\\biophlo-landing\\biophlo-landing\\node_modules\\@floating-ui\\core': 'C:\\Users\\User\\Desktop\\biophlo-landing\\biophlo-landing\\node_modules\\@floating-ui\\.core-LX6vtkdC',
265 silly reify   'C:\\Users\\User\\Desktop\\biophlo-landing\\biophlo-landing\\node_modules\\@floating-ui\\dom': 'C:\\Users\\User\\Desktop\\biophlo-landing\\biophlo-landing\\node_modules\\@floating-ui\\.dom-lmt0xb0b',
265 silly reify   'C:\\Users\\User\\Desktop\\biophlo-landing\\biophlo-landing\\node_modules\\@floating-ui\\react-dom': 'C:\\Users\\User\\Desktop\\biophlo-landing\\biophlo-landing\\node_modules\\@floating-ui\\.react-dom-UtUkqR9M',
265 silly reify   'C:\\Users\\User\\Desktop\\biophlo-landing\\biophlo-landing\\node_modules\\@floating-ui\\utils': 'C:\\Users\\User\\Desktop\\biophlo-landing\\biophlo-landing\\node_modules\\@floating-ui\\.utils-TE0rFp07',
265 silly reify   'C:\\Users\\User\\Desktop\\biophlo-landing\\biophlo-landing\\node_modules\\@hookform\\resolvers': 'C:\\Users\\User\\Desktop\\biophlo-landing\\biophlo-landing\\node_modules\\@hookform\\.resolvers-EtPoQU3C',
265 silly reify   'C:\\Users\\User\\Desktop\\biophlo-landing\\biophlo-landing\\node_modules\\@jridgewell\\source-map': 'C:\\Users\\User\\Desktop\\biophlo-landing\\biophlo-landing\\node_modules\\@jridgewell\\.source-map-g9iyXQGc',
265 silly reify   'C:\\Users\\User\\Desktop\\biophlo-landing\\biophlo-landing\\node_modules\\@next\\env': 'C:\\Users\\User\\Desktop\\biophlo-landing\\biophlo-landing\\node_modules\\@next\\.env-ipvcG0Hh',
265 silly reify   'C:\\Users\\User\\Desktop\\biophlo-landing\\biophlo-landing\\node_modules\\@next\\eslint-plugin-next': 'C:\\Users\\User\\Desktop\\biophlo-landing\\biophlo-landing\\node_modules\\@next\\.eslint-plugin-next-2ogY5MGf',
265 silly reify   'C:\\Users\\User\\Desktop\\biophlo-landing\\biophlo-landing\\node_modules\\@next\\swc-win32-x64-msvc': 'C:\\Users\\User\\Desktop\\biophlo-landing\\biophlo-landing\\node_modules\\@next\\.swc-win32-x64-msvc-shF243ku',
265 silly reify   'C:\\Users\\User\\Desktop\\biophlo-landing\\biophlo-landing\\node_modules\\@poppinss\\colors': 'C:\\Users\\User\\Desktop\\biophlo-landing\\biophlo-landing\\node_modules\\@poppinss\\.colors-LS5Q5Qfz',
265 silly reify   'C:\\Users\\User\\Desktop\\biophlo-landing\\biophlo-landing\\node_modules\\@oxc-project\\types': 'C:\\Users\\User\\Desktop\\biophlo-landing\\biophlo-landing\\node_modules\\@oxc-project\\.types-Ld7sbze8',
265 silly reify   'C:\\Users\\User\\Desktop\\biophlo-landing\\biophlo-landing\\node_modules\\@poppinss\\dumper': 'C:\\Users\\User\\Desktop\\biophlo-landing\\biophlo-landing\\node_modules\\@poppinss\\.dumper-sOL7mE12',
265 silly reify   'C:\\Users\\User\\Desktop\\biophlo-landing\\biophlo-landing\\node_modules\\@poppinss\\exception': 'C:\\Users\\User\\Desktop\\biophlo-landing\\biophlo-landing\\node_modules\\@poppinss\\.exception-R3L2Z3Lt',
265 silly reify   'C:\\Users\\User\\Desktop\\biophlo-landing\\biophlo-landing\\node_modules\\@radix-ui\\number': 'C:\\Users\\User\\Desktop\\biophlo-landing\\biophlo-landing\\node_modules\\@radix-ui\\.number-dsoh4vqh',
265 silly reify   'C:\\Users\\User\\Desktop\\biophlo-landing\\biophlo-landing\\node_modules\\@radix-ui\\react-accessible-icon': 'C:\\Users\\User\\Desktop\\biophlo-landing\\biophlo-landing\\node_modules\\@radix-ui\\.react-accessible-icon-yG5MhntZ',
265 silly reify   'C:\\Users\\User\\Desktop\\biophlo-landing\\biophlo-landing\\node_modules\\@radix-ui\\react-accordion': 'C:\\Users\\User\\Desktop\\biophlo-landing\\biophlo-landing\\node_modules\\@radix-ui\\.react-accordion-cApGZfBn',
265 silly reify   'C:\\Users\\User\\Desktop\\biophlo-landing\\biophlo-landing\\node_modules\\@radix-ui\\react-alert-dialog': 'C:\\Users\\User\\Desktop\\biophlo-landing\\biophlo-landing\\node_modules\\@radix-ui\\.react-alert-dialog-A6AfOoLq',
265 silly reify   'C:\\Users\\User\\Desktop\\biophlo-landing\\biophlo-landing\\node_modules\\@radix-ui\\primitive': 'C:\\Users\\User\\Desktop\\biophlo-landing\\biophlo-landing\\node_modules\\@radix-ui\\.primitive-V6RJnoSb',
265 silly reify   'C:\\Users\\User\\Desktop\\biophlo-landing\\biophlo-landing\\node_modules\\@radix-ui\\react-arrow': 'C:\\Users\\User\\Desktop\\biophlo-landing\\biophlo-landing\\node_modules\\@radix-ui\\.react-arrow-3UUG7PrV',
265 silly reify   'C:\\Users\\User\\Desktop\\biophlo-landing\\biophlo-landing\\node_modules\\@radix-ui\\react-aspect-ratio': 'C:\\Users\\User\\Desktop\\biophlo-landing\\biophlo-landing\\node_modules\\@radix-ui\\.react-aspect-ratio-hLtfIemg',
265 silly reify   'C:\\Users\\User\\Desktop\\biophlo-landing\\biophlo-landing\\node_modules\\@radix-ui\\react-avatar': 'C:\\Users\\User\\Desktop\\biophlo-landing\\biophlo-landing\\node_modules\\@radix-ui\\.react-avatar-LTNZ4hf4',
265 silly reify   'C:\\Users\\User\\Desktop\\biophlo-landing\\biophlo-landing\\node_modules\\@radix-ui\\react-collapsible': 'C:\\Users\\User\\Desktop\\biophlo-landing\\biophlo-landing\\node_modules\\@radix-ui\\.react-collapsible-aR2KTcUK',
265 silly reify   'C:\\Users\\User\\Desktop\\biophlo-landing\\biophlo-landing\\node_modules\\@radix-ui\\react-checkbox': 'C:\\Users\\User\\Desktop\\biophlo-landing\\biophlo-landing\\node_modules\\@radix-ui\\.react-checkbox-WQN8ZwYQ',
265 silly reify   'C:\\Users\\User\\Desktop\\biophlo-landing\\biophlo-landing\\node_modules\\@radix-ui\\react-collection': 'C:\\Users\\User\\Desktop\\biophlo-landing\\biophlo-landing\\node_modules\\@radix-ui\\.react-collection-ArOk5G4b',
265 silly reify   'C:\\Users\\User\\Desktop\\biophlo-landing\\biophlo-landing\\node_modules\\@radix-ui\\react-context': 'C:\\Users\\User\\Desktop\\biophlo-landing\\biophlo-landing\\node_modules\\@radix-ui\\.react-context-MdjqhUJ1',
265 silly reify   'C:\\Users\\User\\Desktop\\biophlo-landing\\biophlo-landing\\node_modules\\@radix-ui\\react-context-menu': 'C:\\Users\\User\\Desktop\\biophlo-landing\\biophlo-landing\\node_modules\\@radix-ui\\.react-context-menu-yvZUMy0B',
265 silly reify   'C:\\Users\\User\\Desktop\\biophlo-landing\\biophlo-landing\\node_modules\\@radix-ui\\react-dialog': 'C:\\Users\\User\\Desktop\\biophlo-landing\\biophlo-landing\\node_modules\\@radix-ui\\.react-dialog-lqdsW4JB',
265 silly reify   'C:\\Users\\User\\Desktop\\biophlo-landing\\biophlo-landing\\node_modules\\@radix-ui\\react-direction': 'C:\\Users\\User\\Desktop\\biophlo-landing\\biophlo-landing\\node_modules\\@radix-ui\\.react-direction-1587GaeO',
265 silly reify   'C:\\Users\\User\\Desktop\\biophlo-landing\\biophlo-landing\\node_modules\\@radix-ui\\react-dismissable-layer': 'C:\\Users\\User\\Desktop\\biophlo-landing\\biophlo-landing\\node_modules\\@radix-ui\\.react-dismissable-layer-6x2nXrDw',
265 silly reify   'C:\\Users\\User\\Desktop\\biophlo-landing\\biophlo-landing\\node_modules\\@radix-ui\\react-dropdown-menu': 'C:\\Users\\User\\Desktop\\biophlo-landing\\biophlo-landing\\node_modules\\@radix-ui\\.react-dropdown-menu-PemwzoSZ',
265 silly reify   'C:\\Users\\User\\Desktop\\biophlo-landing\\biophlo-landing\\node_modules\\@radix-ui\\react-focus-guards': 'C:\\Users\\User\\Desktop\\biophlo-landing\\biophlo-landing\\node_modules\\@radix-ui\\.react-focus-guards-hQwJN2zm',
265 silly reify   'C:\\Users\\User\\Desktop\\biophlo-landing\\biophlo-landing\\node_modules\\@radix-ui\\react-focus-scope': 'C:\\Users\\User\\Desktop\\biophlo-landing\\biophlo-landing\\node_modules\\@radix-ui\\.react-focus-scope-vKENXy9n',
265 silly reify   'C:\\Users\\User\\Desktop\\biophlo-landing\\biophlo-landing\\node_modules\\@radix-ui\\react-form': 'C:\\Users\\User\\Desktop\\biophlo-landing\\biophlo-landing\\node_modules\\@radix-ui\\.react-form-9n5n2PBw',
265 silly reify   'C:\\Users\\User\\Desktop\\biophlo-landing\\biophlo-landing\\node_modules\\@radix-ui\\react-hover-card': 'C:\\Users\\User\\Desktop\\biophlo-landing\\biophlo-landing\\node_modules\\@radix-ui\\.react-hover-card-Feo7kg1c',
265 silly reify   'C:\\Users\\User\\Desktop\\biophlo-landing\\biophlo-landing\\node_modules\\@radix-ui\\react-id': 'C:\\Users\\User\\Desktop\\biophlo-landing\\biophlo-landing\\node_modules\\@radix-ui\\.react-id-3Mp06V1N',
265 silly reify   'C:\\Users\\User\\Desktop\\biophlo-landing\\biophlo-landing\\node_modules\\@radix-ui\\react-label': 'C:\\Users\\User\\Desktop\\biophlo-landing\\biophlo-landing\\node_modules\\@radix-ui\\.react-label-B558JQAR',
265 silly reify   'C:\\Users\\User\\Desktop\\biophlo-landing\\biophlo-landing\\node_modules\\@radix-ui\\react-menu': 'C:\\Users\\User\\Desktop\\biophlo-landing\\biophlo-landing\\node_modules\\@radix-ui\\.react-menu-gBWIiXP3',
265 silly reify   'C:\\Users\\User\\Desktop\\biophlo-landing\\biophlo-landing\\node_modules\\@radix-ui\\react-menubar': 'C:\\Users\\User\\Desktop\\biophlo-landing\\biophlo-landing\\node_modules\\@radix-ui\\.react-menubar-Qvdt3QVy',
265 silly reify   'C:\\Users\\User\\Desktop\\biophlo-landing\\biophlo-landing\\node_modules\\@radix-ui\\react-navigation-menu': 'C:\\Users\\User\\Desktop\\biophlo-landing\\biophlo-landing\\node_modules\\@radix-ui\\.react-navigation-menu-XJnLSLhH',
265 silly reify   'C:\\Users\\User\\Desktop\\biophlo-landing\\biophlo-landing\\node_modules\\@radix-ui\\react-password-toggle-field': 'C:\\Users\\User\\Desktop\\biophlo-landing\\biophlo-landing\\node_modules\\@radix-ui\\.react-password-toggle-field-xEWoj7Ip',
265 silly reify   'C:\\Users\\User\\Desktop\\biophlo-landing\\biophlo-landing\\node_modules\\@radix-ui\\react-one-time-password-field': 'C:\\Users\\User\\Desktop\\biophlo-landing\\biophlo-landing\\node_modules\\@radix-ui\\.react-one-time-password-field-GYiTJJqw',
265 silly reify   'C:\\Users\\User\\Desktop\\biophlo-landing\\biophlo-landing\\node_modules\\@radix-ui\\react-popover': 'C:\\Users\\User\\Desktop\\biophlo-landing\\biophlo-landing\\node_modules\\@radix-ui\\.react-popover-KvDTprXz',
265 silly reify   'C:\\Users\\User\\Desktop\\biophlo-landing\\biophlo-landing\\node_modules\\@radix-ui\\react-popper': 'C:\\Users\\User\\Desktop\\biophlo-landing\\biophlo-landing\\node_modules\\@radix-ui\\.react-popper-59hJiqAl',
265 silly reify   'C:\\Users\\User\\Desktop\\biophlo-landing\\biophlo-landing\\node_modules\\@radix-ui\\react-portal': 'C:\\Users\\User\\Desktop\\biophlo-landing\\biophlo-landing\\node_modules\\@radix-ui\\.react-portal-EgX47uCY',
265 silly reify   'C:\\Users\\User\\Desktop\\biophlo-landing\\biophlo-landing\\node_modules\\@radix-ui\\react-presence': 'C:\\Users\\User\\Desktop\\biophlo-landing\\biophlo-landing\\node_modules\\@radix-ui\\.react-presence-X0w6jlbK',
265 silly reify   'C:\\Users\\User\\Desktop\\biophlo-landing\\biophlo-landing\\node_modules\\@radix-ui\\react-primitive': 'C:\\Users\\User\\Desktop\\biophlo-landing\\biophlo-landing\\node_modules\\@radix-ui\\.react-primitive-W9QtL3AB',
265 silly reify   'C:\\Users\\User\\Desktop\\biophlo-landing\\biophlo-landing\\node_modules\\@radix-ui\\react-progress': 'C:\\Users\\User\\Desktop\\biophlo-landing\\biophlo-landing\\node_modules\\@radix-ui\\.react-progress-UOfWUqB2',
265 silly reify   'C:\\Users\\User\\Desktop\\biophlo-landing\\biophlo-landing\\node_modules\\@radix-ui\\react-radio-group': 'C:\\Users\\User\\Desktop\\biophlo-landing\\biophlo-landing\\node_modules\\@radix-ui\\.react-radio-group-Kg8b4HJY',
265 silly reify   'C:\\Users\\User\\Desktop\\biophlo-landing\\biophlo-landing\\node_modules\\@radix-ui\\react-roving-focus': 'C:\\Users\\User\\Desktop\\biophlo-landing\\biophlo-landing\\node_modules\\@radix-ui\\.react-roving-focus-4slInKLD',
265 silly reify   'C:\\Users\\User\\Desktop\\biophlo-landing\\biophlo-landing\\node_modules\\@radix-ui\\react-separator': 'C:\\Users\\User\\Desktop\\biophlo-landing\\biophlo-landing\\node_modules\\@radix-ui\\.react-separator-VgkHMQlR',
265 silly reify   'C:\\Users\\User\\Desktop\\biophlo-landing\\biophlo-landing\\node_modules\\@radix-ui\\react-scroll-area': 'C:\\Users\\User\\Desktop\\biophlo-landing\\biophlo-landing\\node_modules\\@radix-ui\\.react-scroll-area-TPz3ClRO',
265 silly reify   'C:\\Users\\User\\Desktop\\biophlo-landing\\biophlo-landing\\node_modules\\@radix-ui\\react-select': 'C:\\Users\\User\\Desktop\\biophlo-landing\\biophlo-landing\\node_modules\\@radix-ui\\.react-select-fMZFPzIK',
265 silly reify   'C:\\Users\\User\\Desktop\\biophlo-landing\\biophlo-landing\\node_modules\\@radix-ui\\react-slider': 'C:\\Users\\User\\Desktop\\biophlo-landing\\biophlo-landing\\node_modules\\@radix-ui\\.react-slider-3c3bUvPa',
265 silly reify   'C:\\Users\\User\\Desktop\\biophlo-landing\\biophlo-landing\\node_modules\\@radix-ui\\react-switch': 'C:\\Users\\User\\Desktop\\biophlo-landing\\biophlo-landing\\node_modules\\@radix-ui\\.react-switch-vZPi7D1X',
265 silly reify   'C:\\Users\\User\\Desktop\\biophlo-landing\\biophlo-landing\\node_modules\\@radix-ui\\react-tabs': 'C:\\Users\\User\\Desktop\\biophlo-landing\\biophlo-landing\\node_modules\\@radix-ui\\.react-tabs-gOAztr4Y',
265 silly reify   'C:\\Users\\User\\Desktop\\biophlo-landing\\biophlo-landing\\node_modules\\@radix-ui\\react-toast': 'C:\\Users\\User\\Desktop\\biophlo-landing\\biophlo-landing\\node_modules\\@radix-ui\\.react-toast-13CFO8QX',
265 silly reify   'C:\\Users\\User\\Desktop\\biophlo-landing\\biophlo-landing\\node_modules\\@radix-ui\\react-toggle': 'C:\\Users\\User\\Desktop\\biophlo-landing\\biophlo-landing\\node_modules\\@radix-ui\\.react-toggle-2XoXmFy4',
265 silly reify   'C:\\Users\\User\\Desktop\\biophlo-landing\\biophlo-landing\\node_modules\\@radix-ui\\react-toggle-group': 'C:\\Users\\User\\Desktop\\biophlo-landing\\biophlo-landing\\node_modules\\@radix-ui\\.react-toggle-group-b009ByX3',
265 silly reify   'C:\\Users\\User\\Desktop\\biophlo-landing\\biophlo-landing\\node_modules\\@radix-ui\\react-toolbar': 'C:\\Users\\User\\Desktop\\biophlo-landing\\biophlo-landing\\node_modules\\@radix-ui\\.react-toolbar-lnUWTMJH',
265 silly reify   'C:\\Users\\User\\Desktop\\biophlo-landing\\biophlo-landing\\node_modules\\@radix-ui\\react-tooltip': 'C:\\Users\\User\\Desktop\\biophlo-landing\\biophlo-landing\\node_modules\\@radix-ui\\.react-tooltip-6RnTlAHv',
265 silly reify   'C:\\Users\\User\\Desktop\\biophlo-landing\\biophlo-landing\\node_modules\\@radix-ui\\react-use-callback-ref': 'C:\\Users\\User\\Desktop\\biophlo-landing\\biophlo-landing\\node_modules\\@radix-ui\\.react-use-callback-ref-BDc7G9bc',
265 silly reify   'C:\\Users\\User\\Desktop\\biophlo-landing\\biophlo-landing\\node_modules\\@radix-ui\\react-use-controllable-state': 'C:\\Users\\User\\Desktop\\biophlo-landing\\biophlo-landing\\node_modules\\@radix-ui\\.react-use-controllable-state-pGsEoi9G',
265 silly reify   'C:\\Users\\User\\Desktop\\biophlo-landing\\biophlo-landing\\node_modules\\@radix-ui\\react-use-effect-event': 'C:\\Users\\User\\Desktop\\biophlo-landing\\biophlo-landing\\node_modules\\@radix-ui\\.react-use-effect-event-3udlsQph',
265 silly reify   'C:\\Users\\User\\Desktop\\biophlo-landing\\biophlo-landing\\node_modules\\@radix-ui\\react-use-escape-keydown': 'C:\\Users\\User\\Desktop\\biophlo-landing\\biophlo-landing\\node_modules\\@radix-ui\\.react-use-escape-keydown-aGrfvSkk',
265 silly reify   'C:\\Users\\User\\Desktop\\biophlo-landing\\biophlo-landing\\node_modules\\@radix-ui\\react-use-is-hydrated': 'C:\\Users\\User\\Desktop\\biophlo-landing\\biophlo-landing\\node_modules\\@radix-ui\\.react-use-is-hydrated-R39MeTbr',
265 silly reify   'C:\\Users\\User\\Desktop\\biophlo-landing\\biophlo-landing\\node_modules\\@radix-ui\\react-use-layout-effect': 'C:\\Users\\User\\Desktop\\biophlo-landing\\biophlo-landing\\node_modules\\@radix-ui\\.react-use-layout-effect-f3WRkbHh',
265 silly reify   'C:\\Users\\User\\Desktop\\biophlo-landing\\biophlo-landing\\node_modules\\@radix-ui\\react-use-previous': 'C:\\Users\\User\\Desktop\\biophlo-landing\\biophlo-landing\\node_modules\\@radix-ui\\.react-use-previous-vk9dhcqb',
265 silly reify   'C:\\Users\\User\\Desktop\\biophlo-landing\\biophlo-landing\\node_modules\\@radix-ui\\react-use-rect': 'C:\\Users\\User\\Desktop\\biophlo-landing\\biophlo-landing\\node_modules\\@radix-ui\\.react-use-rect-Gdz7XHOU',
265 silly reify   'C:\\Users\\User\\Desktop\\biophlo-landing\\biophlo-landing\\node_modules\\@radix-ui\\react-use-size': 'C:\\Users\\User\\Desktop\\biophlo-landing\\biophlo-landing\\node_modules\\@radix-ui\\.react-use-size-dnqxNn3k',
265 silly reify   'C:\\Users\\User\\Desktop\\biophlo-landing\\biophlo-landing\\node_modules\\@radix-ui\\react-visually-hidden': 'C:\\Users\\User\\Desktop\\biophlo-landing\\biophlo-landing\\node_modules\\@radix-ui\\.react-visually-hidden-u9G2WHDs',
265 silly reify   'C:\\Users\\User\\Desktop\\biophlo-landing\\biophlo-landing\\node_modules\\@radix-ui\\rect': 'C:\\Users\\User\\Desktop\\biophlo-landing\\biophlo-landing\\node_modules\\@radix-ui\\.rect-2x50EbN9',
265 silly reify   'C:\\Users\\User\\Desktop\\biophlo-landing\\biophlo-landing\\node_modules\\@resvg\\resvg-wasm': 'C:\\Users\\User\\Desktop\\biophlo-landing\\biophlo-landing\\node_modules\\@resvg\\.resvg-wasm-DMLu5Tdx',
265 silly reify   'C:\\Users\\User\\Desktop\\biophlo-landing\\biophlo-landing\\node_modules\\@reduxjs\\toolkit': 'C:\\Users\\User\\Desktop\\biophlo-landing\\biophlo-landing\\node_modules\\@reduxjs\\.toolkit-d6ckCiPC',
265 silly reify   'C:\\Users\\User\\Desktop\\biophlo-landing\\biophlo-landing\\node_modules\\@rolldown\\binding-win32-x64-msvc': 'C:\\Users\\User\\Desktop\\biophlo-landing\\biophlo-landing\\node_modules\\@rolldown\\.binding-win32-x64-msvc-BSK52rlk',
265 silly reify   'C:\\Users\\User\\Desktop\\biophlo-landing\\biophlo-landing\\node_modules\\@rolldown\\pluginutils': 'C:\\Users\\User\\Desktop\\biophlo-landing\\biophlo-landing\\node_modules\\@rolldown\\.pluginutils-SXwVHf7T',
265 silly reify   'C:\\Users\\User\\Desktop\\biophlo-landing\\biophlo-landing\\node_modules\\@shuding\\opentype.js': 'C:\\Users\\User\\Desktop\\biophlo-landing\\biophlo-landing\\node_modules\\@shuding\\.opentype.js-CVAxj6Lb',
265 silly reify   'C:\\Users\\User\\Desktop\\biophlo-landing\\biophlo-landing\\node_modules\\@shadcn\\react': 'C:\\Users\\User\\Desktop\\biophlo-landing\\biophlo-landing\\node_modules\\@shadcn\\.react-F55v9NL3',
265 silly reify   'C:\\Users\\User\\Desktop\\biophlo-landing\\biophlo-landing\\node_modules\\@sindresorhus\\is': 'C:\\Users\\User\\Desktop\\biophlo-landing\\biophlo-landing\\node_modules\\@sindresorhus\\.is-7tyjRxIR',
265 silly reify   'C:\\Users\\User\\Desktop\\biophlo-landing\\biophlo-landing\\node_modules\\@speed-highlight\\core': 'C:\\Users\\User\\Desktop\\biophlo-landing\\biophlo-landing\\node_modules\\@speed-highlight\\.core-TLkfUHWv',
265 silly reify   'C:\\Users\\User\\Desktop\\biophlo-landing\\biophlo-landing\\node_modules\\@standard-schema\\utils': 'C:\\Users\\User\\Desktop\\biophlo-landing\\biophlo-landing\\node_modules\\@standard-schema\\.utils-EH7AKBWU',
265 silly reify   'C:\\Users\\User\\Desktop\\biophlo-landing\\biophlo-landing\\node_modules\\@tailwindcss\\node': 'C:\\Users\\User\\Desktop\\biophlo-landing\\biophlo-landing\\node_modules\\@tailwindcss\\.node-xu2OHY5o',
265 silly reify   'C:\\Users\\User\\Desktop\\biophlo-landing\\biophlo-landing\\node_modules\\@tailwindcss\\oxide': 'C:\\Users\\User\\Desktop\\biophlo-landing\\biophlo-landing\\node_modules\\@tailwindcss\\.oxide-27qNy14Z',
265 silly reify   'C:\\Users\\User\\Desktop\\biophlo-landing\\biophlo-landing\\node_modules\\@tailwindcss\\oxide-win32-x64-msvc': 'C:\\Users\\User\\Desktop\\biophlo-landing\\biophlo-landing\\node_modules\\@tailwindcss\\.oxide-win32-x64-msvc-u4ARpFbJ',
265 silly reify   'C:\\Users\\User\\Desktop\\biophlo-landing\\biophlo-landing\\node_modules\\@tailwindcss\\postcss': 'C:\\Users\\User\\Desktop\\biophlo-landing\\biophlo-landing\\node_modules\\@tailwindcss\\.postcss-thmZtWaD',
265 silly reify   'C:\\Users\\User\\Desktop\\biophlo-landing\\biophlo-landing\\node_modules\\@tybys\\wasm-util': 'C:\\Users\\User\\Desktop\\biophlo-landing\\biophlo-landing\\node_modules\\@tybys\\.wasm-util-KthsZ5Dq',
265 silly reify   'C:\\Users\\User\\Desktop\\biophlo-landing\\biophlo-landing\\node_modules\\@types\\eslint': 'C:\\Users\\User\\Desktop\\biophlo-landing\\biophlo-landing\\node_modules\\@types\\.eslint-t1pW0bUm',
265 silly reify   'C:\\Users\\User\\Desktop\\biophlo-landing\\biophlo-landing\\node_modules\\@types\\eslint-scope': 'C:\\Users\\User\\Desktop\\biophlo-landing\\biophlo-landing\\node_modules\\@types\\.eslint-scope-NKMCV9tA',
265 silly reify   'C:\\Users\\User\\Desktop\\biophlo-landing\\biophlo-landing\\node_modules\\@types\\use-sync-external-store': 'C:\\Users\\User\\Desktop\\biophlo-landing\\biophlo-landing\\node_modules\\@types\\.use-sync-external-store-XdbwV93B',
265 silly reify   'C:\\Users\\User\\Desktop\\biophlo-landing\\biophlo-landing\\node_modules\\@typescript-eslint\\eslint-plugin': 'C:\\Users\\User\\Desktop\\biophlo-landing\\biophlo-landing\\node_modules\\@typescript-eslint\\.eslint-plugin-SAY5iOwX',
265 silly reify   'C:\\Users\\User\\Desktop\\biophlo-landing\\biophlo-landing\\node_modules\\@typescript-eslint\\project-service': 'C:\\Users\\User\\Desktop\\biophlo-landing\\biophlo-landing\\node_modules\\@typescript-eslint\\.project-service-ZiqhyszT',
265 silly reify   'C:\\Users\\User\\Desktop\\biophlo-landing\\biophlo-landing\\node_modules\\@typescript-eslint\\parser': 'C:\\Users\\User\\Desktop\\biophlo-landing\\biophlo-landing\\node_modules\\@typescript-eslint\\.parser-NbvF5dK4',
265 silly reify   'C:\\Users\\User\\Desktop\\biophlo-landing\\biophlo-landing\\node_modules\\@typescript-eslint\\scope-manager': 'C:\\Users\\User\\Desktop\\biophlo-landing\\biophlo-landing\\node_modules\\@typescript-eslint\\.scope-manager-aBTI6E1k',
265 silly reify   'C:\\Users\\User\\Desktop\\biophlo-landing\\biophlo-landing\\node_modules\\@typescript-eslint\\tsconfig-utils': 'C:\\Users\\User\\Desktop\\biophlo-landing\\biophlo-landing\\node_modules\\@typescript-eslint\\.tsconfig-utils-JiWPraeW',
265 silly reify   'C:\\Users\\User\\Desktop\\biophlo-landing\\biophlo-landing\\node_modules\\@typescript-eslint\\type-utils': 'C:\\Users\\User\\Desktop\\biophlo-landing\\biophlo-landing\\node_modules\\@typescript-eslint\\.type-utils-jxiMCOlh',
265 silly reify   'C:\\Users\\User\\Desktop\\biophlo-landing\\biophlo-landing\\node_modules\\@typescript-eslint\\types': 'C:\\Users\\User\\Desktop\\biophlo-landing\\biophlo-landing\\node_modules\\@typescript-eslint\\.types-07WffNX4',
265 silly reify   'C:\\Users\\User\\Desktop\\biophlo-landing\\biophlo-landing\\node_modules\\@typescript-eslint\\typescript-estree': 'C:\\Users\\User\\Desktop\\biophlo-landing\\biophlo-landing\\node_modules\\@typescript-eslint\\.typescript-estree-JeMwPwSU',
265 silly reify   'C:\\Users\\User\\Desktop\\biophlo-landing\\biophlo-landing\\node_modules\\@typescript-eslint\\utils': 'C:\\Users\\User\\Desktop\\biophlo-landing\\biophlo-landing\\node_modules\\@typescript-eslint\\.utils-EYOOR80Z',
265 silly reify   'C:\\Users\\User\\Desktop\\biophlo-landing\\biophlo-landing\\node_modules\\@typescript-eslint\\visitor-keys': 'C:\\Users\\User\\Desktop\\biophlo-landing\\biophlo-landing\\node_modules\\@typescript-eslint\\.visitor-keys-FC737LDi',
265 silly reify   'C:\\Users\\User\\Desktop\\biophlo-landing\\biophlo-landing\\node_modules\\@unpic\\core': 'C:\\Users\\User\\Desktop\\biophlo-landing\\biophlo-landing\\node_modules\\@unpic\\.core-JzusBNNt',
265 silly reify   'C:\\Users\\User\\Desktop\\biophlo-landing\\biophlo-landing\\node_modules\\@unpic\\react': 'C:\\Users\\User\\Desktop\\biophlo-landing\\biophlo-landing\\node_modules\\@unpic\\.react-LHg2wbsn',
265 silly reify   'C:\\Users\\User\\Desktop\\biophlo-landing\\biophlo-landing\\node_modules\\@vercel\\og': 'C:\\Users\\User\\Desktop\\biophlo-landing\\biophlo-landing\\node_modules\\@vercel\\.og-nonhLj68',
265 silly reify   'C:\\Users\\User\\Desktop\\biophlo-landing\\biophlo-landing\\node_modules\\@vinext\\types': 'C:\\Users\\User\\Desktop\\biophlo-landing\\biophlo-landing\\node_modules\\@vinext\\.types-hkG0raTu',
265 silly reify   'C:\\Users\\User\\Desktop\\biophlo-landing\\biophlo-landing\\node_modules\\@vitejs\\plugin-react': 'C:\\Users\\User\\Desktop\\biophlo-landing\\biophlo-landing\\node_modules\\@vitejs\\.plugin-react-C70n2GuD',
265 silly reify   'C:\\Users\\User\\Desktop\\biophlo-landing\\biophlo-landing\\node_modules\\@vitejs\\plugin-rsc': 'C:\\Users\\User\\Desktop\\biophlo-landing\\biophlo-landing\\node_modules\\@vitejs\\.plugin-rsc-LPWdJaOk',
265 silly reify   'C:\\Users\\User\\Desktop\\biophlo-landing\\biophlo-landing\\node_modules\\@webassemblyjs\\ast': 'C:\\Users\\User\\Desktop\\biophlo-landing\\biophlo-landing\\node_modules\\@webassemblyjs\\.ast-3OAkpqgM',
265 silly reify   'C:\\Users\\User\\Desktop\\biophlo-landing\\biophlo-landing\\node_modules\\@webassemblyjs\\floating-point-hex-parser': 'C:\\Users\\User\\Desktop\\biophlo-landing\\biophlo-landing\\node_modules\\@webassemblyjs\\.floating-point-hex-parser-knnO0x5x',
265 silly reify   'C:\\Users\\User\\Desktop\\biophlo-landing\\biophlo-landing\\node_modules\\@webassemblyjs\\helper-api-error': 'C:\\Users\\User\\Desktop\\biophlo-landing\\biophlo-landing\\node_modules\\@webassemblyjs\\.helper-api-error-7WfGFO5c',
265 silly reify   'C:\\Users\\User\\Desktop\\biophlo-landing\\biophlo-landing\\node_modules\\@webassemblyjs\\helper-buffer': 'C:\\Users\\User\\Desktop\\biophlo-landing\\biophlo-landing\\node_modules\\@webassemblyjs\\.helper-buffer-1FmJTL9S',
265 silly reify   'C:\\Users\\User\\Desktop\\biophlo-landing\\biophlo-landing\\node_modules\\@webassemblyjs\\helper-numbers': 'C:\\Users\\User\\Desktop\\biophlo-landing\\biophlo-landing\\node_modules\\@webassemblyjs\\.helper-numbers-mMZxlNzn',
265 silly reify   'C:\\Users\\User\\Desktop\\biophlo-landing\\biophlo-landing\\node_modules\\@webassemblyjs\\helper-wasm-bytecode': 'C:\\Users\\User\\Desktop\\biophlo-landing\\biophlo-landing\\node_modules\\@webassemblyjs\\.helper-wasm-bytecode-WPHfz9gD',
265 silly reify   'C:\\Users\\User\\Desktop\\biophlo-landing\\biophlo-landing\\node_modules\\@webassemblyjs\\helper-wasm-section': 'C:\\Users\\User\\Desktop\\biophlo-landing\\biophlo-landing\\node_modules\\@webassemblyjs\\.helper-wasm-section-Q8fokszx',
265 silly reify   'C:\\Users\\User\\Desktop\\biophlo-landing\\biophlo-landing\\node_modules\\@webassemblyjs\\utf8': 'C:\\Users\\User\\Desktop\\biophlo-landing\\biophlo-landing\\node_modules\\@webassemblyjs\\.utf8-9wDhQGdY',
265 silly reify   'C:\\Users\\User\\Desktop\\biophlo-landing\\biophlo-landing\\node_modules\\@webassemblyjs\\ieee754': 'C:\\Users\\User\\Desktop\\biophlo-landing\\biophlo-landing\\node_modules\\@webassemblyjs\\.ieee754-NUcQrXnU',
265 silly reify   'C:\\Users\\User\\Desktop\\biophlo-landing\\biophlo-landing\\node_modules\\@webassemblyjs\\leb128': 'C:\\Users\\User\\Desktop\\biophlo-landing\\biophlo-landing\\node_modules\\@webassemblyjs\\.leb128-WyipeYth',
265 silly reify   'C:\\Users\\User\\Desktop\\biophlo-landing\\biophlo-landing\\node_modules\\@webassemblyjs\\wasm-edit': 'C:\\Users\\User\\Desktop\\biophlo-landing\\biophlo-landing\\node_modules\\@webassemblyjs\\.wasm-edit-Y7yhZVI3',
265 silly reify   'C:\\Users\\User\\Desktop\\biophlo-landing\\biophlo-landing\\node_modules\\@webassemblyjs\\wasm-gen': 'C:\\Users\\User\\Desktop\\biophlo-landing\\biophlo-landing\\node_modules\\@webassemblyjs\\.wasm-gen-tVasiD8L',
265 silly reify   'C:\\Users\\User\\Desktop\\biophlo-landing\\biophlo-landing\\node_modules\\@webassemblyjs\\wasm-opt': 'C:\\Users\\User\\Desktop\\biophlo-landing\\biophlo-landing\\node_modules\\@webassemblyjs\\.wasm-opt-BK6KKVSd',
265 silly reify   'C:\\Users\\User\\Desktop\\biophlo-landing\\biophlo-landing\\node_modules\\@webassemblyjs\\wasm-parser': 'C:\\Users\\User\\Desktop\\biophlo-landing\\biophlo-landing\\node_modules\\@webassemblyjs\\.wasm-parser-yi8dN6vF',
265 silly reify   'C:\\Users\\User\\Desktop\\biophlo-landing\\biophlo-landing\\node_modules\\@webassemblyjs\\wast-printer': 'C:\\Users\\User\\Desktop\\biophlo-landing\\biophlo-landing\\node_modules\\@webassemblyjs\\.wast-printer-YC1JkbVS',
265 silly reify   'C:\\Users\\User\\Desktop\\biophlo-landing\\biophlo-landing\\node_modules\\@xtuc\\ieee754': 'C:\\Users\\User\\Desktop\\biophlo-landing\\biophlo-landing\\node_modules\\@xtuc\\.ieee754-akZAhLPn',
265 silly reify   'C:\\Users\\User\\Desktop\\biophlo-landing\\biophlo-landing\\node_modules\\@xtuc\\long': 'C:\\Users\\User\\Desktop\\biophlo-landing\\biophlo-landing\\node_modules\\@xtuc\\.long-uB1vdNZq',
265 silly reify   'C:\\Users\\User\\Desktop\\biophlo-landing\\biophlo-landing\\node_modules\\is-bun-module\\node_modules\\semver': 'C:\\Users\\User\\Desktop\\biophlo-landing\\biophlo-landing\\node_modules\\is-bun-module\\node_modules\\.semver-6y58VO1m',
265 silly reify   'C:\\Users\\User\\Desktop\\biophlo-landing\\biophlo-landing\\node_modules\\sharp\\node_modules\\semver': 'C:\\Users\\User\\Desktop\\biophlo-landing\\biophlo-landing\\node_modules\\sharp\\node_modules\\.semver-LkOD5yiP',
265 silly reify   'C:\\Users\\User\\Desktop\\biophlo-landing\\biophlo-landing\\node_modules\\tsconfig-paths\\node_modules\\json5': 'C:\\Users\\User\\Desktop\\biophlo-landing\\biophlo-landing\\node_modules\\tsconfig-paths\\node_modules\\.json5-qHsiYlL7'
265 silly reify }
266 http cache @xtuc/long@https://registry.npmjs.org/@xtuc/long/-/long-4.2.2.tgz 3ms (cache hit)
267 http cache @xtuc/ieee754@https://registry.npmjs.org/@xtuc/ieee754/-/ieee754-1.2.0.tgz 0ms (cache hit)
268 http cache @webassemblyjs/wast-printer@https://registry.npmjs.org/@webassemblyjs/wast-printer/-/wast-printer-1.14.1.tgz 0ms (cache hit)
269 http cache @webassemblyjs/wasm-parser@https://registry.npmjs.org/@webassemblyjs/wasm-parser/-/wasm-parser-1.14.1.tgz 0ms (cache hit)
270 http cache @webassemblyjs/wasm-opt@https://registry.npmjs.org/@webassemblyjs/wasm-opt/-/wasm-opt-1.14.1.tgz 0ms (cache hit)
271 http cache @webassemblyjs/wasm-edit@https://registry.npmjs.org/@webassemblyjs/wasm-edit/-/wasm-edit-1.14.1.tgz 0ms (cache hit)
272 http cache @webassemblyjs/wasm-gen@https://registry.npmjs.org/@webassemblyjs/wasm-gen/-/wasm-gen-1.14.1.tgz 0ms (cache hit)
273 http cache @webassemblyjs/leb128@https://registry.npmjs.org/@webassemblyjs/leb128/-/leb128-1.13.2.tgz 0ms (cache hit)
274 http cache @webassemblyjs/ieee754@https://registry.npmjs.org/@webassemblyjs/ieee754/-/ieee754-1.13.2.tgz 0ms (cache hit)
275 http cache @webassemblyjs/utf8@https://registry.npmjs.org/@webassemblyjs/utf8/-/utf8-1.13.2.tgz 0ms (cache hit)
276 http cache @webassemblyjs/helper-wasm-section@https://registry.npmjs.org/@webassemblyjs/helper-wasm-section/-/helper-wasm-section-1.14.1.tgz 0ms (cache hit)
277 http cache @webassemblyjs/helper-wasm-bytecode@https://registry.npmjs.org/@webassemblyjs/helper-wasm-bytecode/-/helper-wasm-bytecode-1.13.2.tgz 0ms (cache hit)
278 http cache @webassemblyjs/helper-numbers@https://registry.npmjs.org/@webassemblyjs/helper-numbers/-/helper-numbers-1.13.2.tgz 0ms (cache hit)
279 http cache @webassemblyjs/helper-buffer@https://registry.npmjs.org/@webassemblyjs/helper-buffer/-/helper-buffer-1.14.1.tgz 0ms (cache hit)
280 http cache @webassemblyjs/floating-point-hex-parser@https://registry.npmjs.org/@webassemblyjs/floating-point-hex-parser/-/floating-point-hex-parser-1.13.2.tgz 0ms (cache hit)
281 http cache @webassemblyjs/helper-api-error@https://registry.npmjs.org/@webassemblyjs/helper-api-error/-/helper-api-error-1.13.2.tgz 0ms (cache hit)
282 http cache @webassemblyjs/ast@https://registry.npmjs.org/@webassemblyjs/ast/-/ast-1.14.1.tgz 1ms (cache hit)
283 http cache @vitejs/plugin-react@https://registry.npmjs.org/@vitejs/plugin-react/-/plugin-react-6.0.2.tgz 0ms (cache hit)
284 http cache @vitejs/plugin-rsc@https://registry.npmjs.org/@vitejs/plugin-rsc/-/plugin-rsc-0.5.26.tgz 0ms (cache hit)
285 http cache @vercel/og@https://registry.npmjs.org/@vercel/og/-/og-0.8.6.tgz 0ms (cache hit)
286 http cache @unpic/react@https://registry.npmjs.org/@unpic/react/-/react-1.0.2.tgz 0ms (cache hit)
287 http cache @vinext/types@https://registry.npmjs.org/@vinext/types/-/types-1.0.0-beta.2.tgz 0ms (cache hit)
288 http cache @unpic/core@https://registry.npmjs.org/@unpic/core/-/core-1.0.3.tgz 0ms (cache hit)
289 http cache @typescript-eslint/utils@https://registry.npmjs.org/@typescript-eslint/utils/-/utils-8.59.3.tgz 0ms (cache hit)
290 http cache @typescript-eslint/visitor-keys@https://registry.npmjs.org/@typescript-eslint/visitor-keys/-/visitor-keys-8.59.3.tgz 0ms (cache hit)
291 http cache @typescript-eslint/typescript-estree@https://registry.npmjs.org/@typescript-eslint/typescript-estree/-/typescript-estree-8.59.3.tgz 0ms (cache hit)
292 http cache @typescript-eslint/type-utils@https://registry.npmjs.org/@typescript-eslint/type-utils/-/type-utils-8.59.3.tgz 0ms (cache hit)
293 http cache @typescript-eslint/types@https://registry.npmjs.org/@typescript-eslint/types/-/types-8.59.3.tgz 0ms (cache hit)
294 http cache @typescript-eslint/parser@https://registry.npmjs.org/@typescript-eslint/parser/-/parser-8.59.3.tgz 0ms (cache hit)
295 http cache @typescript-eslint/scope-manager@https://registry.npmjs.org/@typescript-eslint/scope-manager/-/scope-manager-8.59.3.tgz 0ms (cache hit)
296 http cache @typescript-eslint/tsconfig-utils@https://registry.npmjs.org/@typescript-eslint/tsconfig-utils/-/tsconfig-utils-8.59.3.tgz 0ms (cache hit)
297 http cache @typescript-eslint/project-service@https://registry.npmjs.org/@typescript-eslint/project-service/-/project-service-8.59.3.tgz 0ms (cache hit)
298 http cache @typescript-eslint/eslint-plugin@https://registry.npmjs.org/@typescript-eslint/eslint-plugin/-/eslint-plugin-8.59.3.tgz 0ms (cache hit)
299 http cache @tailwindcss/postcss@https://registry.npmjs.org/@tailwindcss/postcss/-/postcss-4.2.1.tgz 0ms (cache hit)
300 http cache @types/use-sync-external-store@https://registry.npmjs.org/@types/use-sync-external-store/-/use-sync-external-store-0.0.6.tgz 0ms (cache hit)
301 http cache @types/eslint@https://registry.npmjs.org/@types/eslint/-/eslint-9.6.1.tgz 0ms (cache hit)
302 http cache @types/eslint-scope@https://registry.npmjs.org/@types/eslint-scope/-/eslint-scope-3.7.7.tgz 0ms (cache hit)
303 http cache @tybys/wasm-util@https://registry.npmjs.org/@tybys/wasm-util/-/wasm-util-0.10.2.tgz 0ms (cache hit)
304 http cache @standard-schema/utils@https://registry.npmjs.org/@standard-schema/utils/-/utils-0.3.0.tgz 0ms (cache hit)
305 http cache @tailwindcss/oxide-win32-x64-msvc@https://registry.npmjs.org/@tailwindcss/oxide-win32-x64-msvc/-/oxide-win32-x64-msvc-4.2.1.tgz 0ms (cache hit)
306 http cache @tailwindcss/oxide@https://registry.npmjs.org/@tailwindcss/oxide/-/oxide-4.2.1.tgz 0ms (cache hit)
307 http cache @tailwindcss/node@https://registry.npmjs.org/@tailwindcss/node/-/node-4.2.1.tgz 0ms (cache hit)
308 http cache @speed-highlight/core@https://registry.npmjs.org/@speed-highlight/core/-/core-1.2.15.tgz 0ms (cache hit)
309 http cache @sindresorhus/is@https://registry.npmjs.org/@sindresorhus/is/-/is-7.2.0.tgz 0ms (cache hit)
310 http cache @shadcn/react@https://registry.npmjs.org/@shadcn/react/-/react-0.3.0.tgz 0ms (cache hit)
311 http cache @rolldown/pluginutils@https://registry.npmjs.org/@rolldown/pluginutils/-/pluginutils-1.0.1.tgz 0ms (cache hit)
312 http cache @shuding/opentype.js@https://registry.npmjs.org/@shuding/opentype.js/-/opentype.js-1.4.0-beta.0.tgz 0ms (cache hit)
313 http cache @reduxjs/toolkit@https://registry.npmjs.org/@reduxjs/toolkit/-/toolkit-2.12.0.tgz 0ms (cache hit)
314 http cache @rolldown/binding-win32-x64-msvc@https://registry.npmjs.org/@rolldown/binding-win32-x64-msvc/-/binding-win32-x64-msvc-1.0.1.tgz 0ms (cache hit)
315 http cache @resvg/resvg-wasm@https://registry.npmjs.org/@resvg/resvg-wasm/-/resvg-wasm-2.4.0.tgz 0ms (cache hit)
316 http cache @radix-ui/rect@https://registry.npmjs.org/@radix-ui/rect/-/rect-1.1.3.tgz 0ms (cache hit)
317 http cache @radix-ui/react-visually-hidden@https://registry.npmjs.org/@radix-ui/react-visually-hidden/-/react-visually-hidden-1.2.11.tgz 0ms (cache hit)
318 http cache @radix-ui/react-use-size@https://registry.npmjs.org/@radix-ui/react-use-size/-/react-use-size-1.1.4.tgz 0ms (cache hit)
319 http cache @radix-ui/react-use-rect@https://registry.npmjs.org/@radix-ui/react-use-rect/-/react-use-rect-1.1.4.tgz 0ms (cache hit)
320 http cache @radix-ui/react-use-previous@https://registry.npmjs.org/@radix-ui/react-use-previous/-/react-use-previous-1.1.4.tgz 0ms (cache hit)
321 http cache @radix-ui/react-use-layout-effect@https://registry.npmjs.org/@radix-ui/react-use-layout-effect/-/react-use-layout-effect-1.1.4.tgz 0ms (cache hit)
322 http cache @radix-ui/react-use-is-hydrated@https://registry.npmjs.org/@radix-ui/react-use-is-hydrated/-/react-use-is-hydrated-0.1.3.tgz 0ms (cache hit)
323 http cache @radix-ui/react-use-escape-keydown@https://registry.npmjs.org/@radix-ui/react-use-escape-keydown/-/react-use-escape-keydown-1.1.5.tgz 0ms (cache hit)
324 http cache @radix-ui/react-use-callback-ref@https://registry.npmjs.org/@radix-ui/react-use-callback-ref/-/react-use-callback-ref-1.1.4.tgz 0ms (cache hit)
325 http cache @radix-ui/react-use-controllable-state@https://registry.npmjs.org/@radix-ui/react-use-controllable-state/-/react-use-controllable-state-1.2.6.tgz 0ms (cache hit)
326 http cache @radix-ui/react-tooltip@https://registry.npmjs.org/@radix-ui/react-tooltip/-/react-tooltip-1.2.16.tgz 0ms (cache hit)
327 http cache @radix-ui/react-use-effect-event@https://registry.npmjs.org/@radix-ui/react-use-effect-event/-/react-use-effect-event-0.0.5.tgz 0ms (cache hit)
328 http cache @radix-ui/react-toolbar@https://registry.npmjs.org/@radix-ui/react-toolbar/-/react-toolbar-1.1.19.tgz 0ms (cache hit)
329 http cache @radix-ui/react-toggle-group@https://registry.npmjs.org/@radix-ui/react-toggle-group/-/react-toggle-group-1.1.19.tgz 0ms (cache hit)
330 http cache @radix-ui/react-toggle@https://registry.npmjs.org/@radix-ui/react-toggle/-/react-toggle-1.1.18.tgz 0ms (cache hit)
331 http cache @radix-ui/react-tabs@https://registry.npmjs.org/@radix-ui/react-tabs/-/react-tabs-1.1.21.tgz 0ms (cache hit)
332 http cache @radix-ui/react-toast@https://registry.npmjs.org/@radix-ui/react-toast/-/react-toast-1.2.23.tgz 0ms (cache hit)
333 http cache @radix-ui/react-switch@https://registry.npmjs.org/@radix-ui/react-switch/-/react-switch-1.3.7.tgz 0ms (cache hit)
334 http cache @radix-ui/react-slider@https://registry.npmjs.org/@radix-ui/react-slider/-/react-slider-1.4.7.tgz 0ms (cache hit)
335 http cache @radix-ui/react-select@https://registry.npmjs.org/@radix-ui/react-select/-/react-select-2.3.7.tgz 0ms (cache hit)
336 http cache @radix-ui/react-scroll-area@https://registry.npmjs.org/@radix-ui/react-scroll-area/-/react-scroll-area-1.2.18.tgz 0ms (cache hit)
337 http cache @radix-ui/react-separator@https://registry.npmjs.org/@radix-ui/react-separator/-/react-separator-1.1.15.tgz 0ms (cache hit)
338 http cache @radix-ui/react-roving-focus@https://registry.npmjs.org/@radix-ui/react-roving-focus/-/react-roving-focus-1.1.19.tgz 0ms (cache hit)
339 http cache @radix-ui/react-radio-group@https://registry.npmjs.org/@radix-ui/react-radio-group/-/react-radio-group-1.4.7.tgz 0ms (cache hit)
340 http cache @radix-ui/react-progress@https://registry.npmjs.org/@radix-ui/react-progress/-/react-progress-1.1.16.tgz 0ms (cache hit)
341 http cache @radix-ui/react-presence@https://registry.npmjs.org/@radix-ui/react-presence/-/react-presence-1.1.10.tgz 0ms (cache hit)
342 http cache @radix-ui/react-primitive@https://registry.npmjs.org/@radix-ui/react-primitive/-/react-primitive-2.1.10.tgz 0ms (cache hit)
343 http cache @radix-ui/react-popper@https://registry.npmjs.org/@radix-ui/react-popper/-/react-popper-1.3.7.tgz 0ms (cache hit)
344 http cache @radix-ui/react-portal@https://registry.npmjs.org/@radix-ui/react-portal/-/react-portal-1.1.17.tgz 0ms (cache hit)
345 http cache @radix-ui/react-popover@https://registry.npmjs.org/@radix-ui/react-popover/-/react-popover-1.1.23.tgz 0ms (cache hit)
346 http cache @radix-ui/react-one-time-password-field@https://registry.npmjs.org/@radix-ui/react-one-time-password-field/-/react-one-time-password-field-0.1.16.tgz 0ms (cache hit)
347 http cache @radix-ui/react-password-toggle-field@https://registry.npmjs.org/@radix-ui/react-password-toggle-field/-/react-password-toggle-field-0.1.11.tgz 0ms (cache hit)
348 http cache @radix-ui/react-menu@https://registry.npmjs.org/@radix-ui/react-menu/-/react-menu-2.1.24.tgz 0ms (cache hit)
349 http cache @radix-ui/react-menubar@https://registry.npmjs.org/@radix-ui/react-menubar/-/react-menubar-1.1.24.tgz 0ms (cache hit)
350 http cache @radix-ui/react-label@https://registry.npmjs.org/@radix-ui/react-label/-/react-label-2.1.15.tgz 0ms (cache hit)
351 http cache @radix-ui/react-form@https://registry.npmjs.org/@radix-ui/react-form/-/react-form-0.1.16.tgz 0ms (cache hit)
352 http cache @radix-ui/react-id@https://registry.npmjs.org/@radix-ui/react-id/-/react-id-1.1.4.tgz 0ms (cache hit)
353 http cache @radix-ui/react-focus-scope@https://registry.npmjs.org/@radix-ui/react-focus-scope/-/react-focus-scope-1.1.16.tgz 0ms (cache hit)
354 http cache @radix-ui/react-focus-guards@https://registry.npmjs.org/@radix-ui/react-focus-guards/-/react-focus-guards-1.1.6.tgz 0ms (cache hit)
355 http cache @radix-ui/react-hover-card@https://registry.npmjs.org/@radix-ui/react-hover-card/-/react-hover-card-1.1.23.tgz 0ms (cache hit)
356 http cache @radix-ui/react-dropdown-menu@https://registry.npmjs.org/@radix-ui/react-dropdown-menu/-/react-dropdown-menu-2.1.24.tgz 0ms (cache hit)
357 http cache @radix-ui/react-direction@https://registry.npmjs.org/@radix-ui/react-direction/-/react-direction-1.1.4.tgz 0ms (cache hit)
358 http cache @radix-ui/react-navigation-menu@https://registry.npmjs.org/@radix-ui/react-navigation-menu/-/react-navigation-menu-1.2.22.tgz 0ms (cache hit)
359 http cache @radix-ui/react-dismissable-layer@https://registry.npmjs.org/@radix-ui/react-dismissable-layer/-/react-dismissable-layer-1.1.19.tgz 0ms (cache hit)
360 http cache @radix-ui/react-dialog@https://registry.npmjs.org/@radix-ui/react-dialog/-/react-dialog-1.1.23.tgz 0ms (cache hit)
361 http cache @radix-ui/react-context-menu@https://registry.npmjs.org/@radix-ui/react-context-menu/-/react-context-menu-2.3.7.tgz 0ms (cache hit)
362 http cache @radix-ui/react-context@https://registry.npmjs.org/@radix-ui/react-context/-/react-context-1.2.2.tgz 0ms (cache hit)
363 http cache @radix-ui/react-collection@https://registry.npmjs.org/@radix-ui/react-collection/-/react-collection-1.1.15.tgz 0ms (cache hit)
364 http cache @radix-ui/react-checkbox@https://registry.npmjs.org/@radix-ui/react-checkbox/-/react-checkbox-1.3.11.tgz 0ms (cache hit)
365 http cache @radix-ui/react-collapsible@https://registry.npmjs.org/@radix-ui/react-collapsible/-/react-collapsible-1.1.20.tgz 0ms (cache hit)
366 http cache @radix-ui/react-aspect-ratio@https://registry.npmjs.org/@radix-ui/react-aspect-ratio/-/react-aspect-ratio-1.1.15.tgz 0ms (cache hit)
367 http cache @radix-ui/react-arrow@https://registry.npmjs.org/@radix-ui/react-arrow/-/react-arrow-1.1.15.tgz 0ms (cache hit)
368 http cache @radix-ui/react-avatar@https://registry.npmjs.org/@radix-ui/react-avatar/-/react-avatar-1.2.6.tgz 0ms (cache hit)
369 http cache @radix-ui/primitive@https://registry.npmjs.org/@radix-ui/primitive/-/primitive-1.1.7.tgz 1ms (cache hit)
370 http cache @radix-ui/react-alert-dialog@https://registry.npmjs.org/@radix-ui/react-alert-dialog/-/react-alert-dialog-1.1.23.tgz 0ms (cache hit)
371 http cache @radix-ui/react-accessible-icon@https://registry.npmjs.org/@radix-ui/react-accessible-icon/-/react-accessible-icon-1.1.15.tgz 0ms (cache hit)
372 http cache @radix-ui/react-accordion@https://registry.npmjs.org/@radix-ui/react-accordion/-/react-accordion-1.2.20.tgz 0ms (cache hit)
373 http cache @radix-ui/number@https://registry.npmjs.org/@radix-ui/number/-/number-1.1.3.tgz 0ms (cache hit)
374 http cache @oxc-project/types@https://registry.npmjs.org/@oxc-project/types/-/types-0.130.0.tgz 0ms (cache hit)
375 http cache @poppinss/exception@https://registry.npmjs.org/@poppinss/exception/-/exception-1.2.3.tgz 0ms (cache hit)
376 http cache @poppinss/colors@https://registry.npmjs.org/@poppinss/colors/-/colors-4.1.6.tgz 0ms (cache hit)
377 http cache @poppinss/dumper@https://registry.npmjs.org/@poppinss/dumper/-/dumper-0.6.5.tgz 0ms (cache hit)
378 http cache @next/eslint-plugin-next@https://registry.npmjs.org/@next/eslint-plugin-next/-/eslint-plugin-next-16.2.6.tgz 0ms (cache hit)
379 http cache @jridgewell/source-map@https://registry.npmjs.org/@jridgewell/source-map/-/source-map-0.3.11.tgz 0ms (cache hit)
380 http cache @hookform/resolvers@https://registry.npmjs.org/@hookform/resolvers/-/resolvers-5.7.1.tgz 0ms (cache hit)
381 http cache @next/env@https://registry.npmjs.org/@next/env/-/env-16.2.6.tgz 0ms (cache hit)
382 http cache @next/swc-win32-x64-msvc@https://registry.npmjs.org/@next/swc-win32-x64-msvc/-/swc-win32-x64-msvc-16.2.6.tgz 0ms (cache hit)
383 http cache @floating-ui/utils@https://registry.npmjs.org/@floating-ui/utils/-/utils-0.2.12.tgz 0ms (cache hit)
384 http cache @floating-ui/dom@https://registry.npmjs.org/@floating-ui/dom/-/dom-1.8.0.tgz 0ms (cache hit)
385 http cache @floating-ui/react-dom@https://registry.npmjs.org/@floating-ui/react-dom/-/react-dom-2.1.9.tgz 0ms (cache hit)
386 http cache @floating-ui/core@https://registry.npmjs.org/@floating-ui/core/-/core-1.8.0.tgz 0ms (cache hit)
387 http cache @drizzle-team/brocli@https://registry.npmjs.org/@drizzle-team/brocli/-/brocli-0.10.2.tgz 0ms (cache hit)
388 http cache @esbuild/win32-x64@https://registry.npmjs.org/@esbuild/win32-x64/-/win32-x64-0.28.0.tgz 0ms (cache hit)
389 http cache @esbuild-kit/esm-loader@https://registry.npmjs.org/@esbuild-kit/esm-loader/-/esm-loader-2.6.5.tgz 0ms (cache hit)
390 http cache @esbuild-kit/core-utils@https://registry.npmjs.org/@esbuild-kit/core-utils/-/core-utils-3.3.2.tgz 0ms (cache hit)
391 http cache @date-fns/tz@https://registry.npmjs.org/@date-fns/tz/-/tz-1.5.0.tgz 0ms (cache hit)
392 http cache @cspotcode/source-map-support@https://registry.npmjs.org/@cspotcode/source-map-support/-/source-map-support-0.8.1.tgz 0ms (cache hit)
393 http cache @cloudflare/vite-plugin@https://registry.npmjs.org/@cloudflare/vite-plugin/-/vite-plugin-1.37.1.tgz 0ms (cache hit)
394 http cache @cloudflare/workers-types@https://registry.npmjs.org/@cloudflare/workers-types/-/workers-types-4.20260515.1.tgz 0ms (cache hit)
395 http cache @cloudflare/workerd-windows-64@https://registry.npmjs.org/@cloudflare/workerd-windows-64/-/workerd-windows-64-1.20260515.1.tgz 0ms (cache hit)
396 http cache @cloudflare/kv-asset-handler@https://registry.npmjs.org/@cloudflare/kv-asset-handler/-/kv-asset-handler-0.5.0.tgz 0ms (cache hit)
397 http cache @base-ui/utils@https://registry.npmjs.org/@base-ui/utils/-/utils-0.3.2.tgz 0ms (cache hit)
398 http cache @base-ui/react@https://registry.npmjs.org/@base-ui/react/-/react-1.7.0.tgz 0ms (cache hit)
399 http cache @cloudflare/unenv-preset@https://registry.npmjs.org/@cloudflare/unenv-preset/-/unenv-preset-2.16.1.tgz 0ms (cache hit)
400 http cache @babel/runtime@https://registry.npmjs.org/@babel/runtime/-/runtime-7.29.7.tgz 0ms (cache hit)
401 http cache youch-core@https://registry.npmjs.org/youch-core/-/youch-core-0.3.3.tgz 0ms (cache hit)
402 http cache @babel/parser@https://registry.npmjs.org/@babel/parser/-/parser-7.29.3.tgz 0ms (cache hit)
403 http cache youch@https://registry.npmjs.org/youch/-/youch-4.1.0-beta.10.tgz 0ms (cache hit)
404 http cache yoga-layout@https://registry.npmjs.org/yoga-layout/-/yoga-layout-3.2.1.tgz 0ms (cache hit)
405 http cache ws@https://registry.npmjs.org/ws/-/ws-8.18.0.tgz 0ms (cache hit)
406 http cache workerd@https://registry.npmjs.org/workerd/-/workerd-1.20260515.1.tgz 0ms (cache hit)
407 http cache which@https://registry.npmjs.org/which/-/which-2.0.2.tgz 0ms (cache hit)
408 http cache wrangler@https://registry.npmjs.org/wrangler/-/wrangler-4.92.0.tgz 0ms (cache hit)
409 http cache webpack@https://registry.npmjs.org/webpack/-/webpack-5.106.2.tgz 0ms (cache hit)
410 http cache webpack-sources@https://registry.npmjs.org/webpack-sources/-/webpack-sources-3.4.1.tgz 0ms (cache hit)
411 http cache watchpack@https://registry.npmjs.org/watchpack/-/watchpack-2.5.1.tgz 0ms (cache hit)
412 http cache vitefu@https://registry.npmjs.org/vitefu/-/vitefu-1.1.3.tgz 0ms (cache hit)
413 http cache web-vitals@https://registry.npmjs.org/web-vitals/-/web-vitals-4.2.4.tgz 0ms (cache hit)
414 http cache vite-plugin-dynamic-import@https://registry.npmjs.org/vite-plugin-dynamic-import/-/vite-plugin-dynamic-import-1.6.0.tgz 0ms (cache hit)
415 http cache vite@https://registry.npmjs.org/vite/-/vite-8.0.13.tgz 0ms (cache hit)
416 http cache vite-plugin-commonjs@https://registry.npmjs.org/vite-plugin-commonjs/-/vite-plugin-commonjs-0.10.4.tgz 0ms (cache hit)
417 http cache vinext@https://registry.npmjs.org/vinext/-/vinext-1.0.0-beta.5.tgz 0ms (cache hit)
418 http cache victory-vendor@https://registry.npmjs.org/victory-vendor/-/victory-vendor-37.3.6.tgz 0ms (cache hit)
419 http cache update-browserslist-db@https://registry.npmjs.org/update-browserslist-db/-/update-browserslist-db-1.2.3.tgz 0ms (cache hit)
420 http cache unpic@https://registry.npmjs.org/unpic/-/unpic-4.2.2.tgz 0ms (cache hit)
421 http cache unenv@https://registry.npmjs.org/unenv/-/unenv-2.0.0-rc.24.tgz 0ms (cache hit)
422 http cache unicode-trie@https://registry.npmjs.org/unicode-trie/-/unicode-trie-2.0.0.tgz 0ms (cache hit)
423 http cache undici@https://registry.npmjs.org/undici/-/undici-7.24.8.tgz 0ms (cache hit)
424 http cache typescript-eslint@https://registry.npmjs.org/typescript-eslint/-/typescript-eslint-8.59.3.tgz 0ms (cache hit)
425 http cache typescript@https://registry.npmjs.org/typescript/-/typescript-5.9.3.tgz 0ms (cache hit)
426 http cache tw-animate-css@https://registry.npmjs.org/tw-animate-css/-/tw-animate-css-1.4.0.tgz 0ms (cache hit)
427 http cache turbo-stream@https://registry.npmjs.org/turbo-stream/-/turbo-stream-3.2.0.tgz 0ms (cache hit)
428 http cache tsx@https://registry.npmjs.org/tsx/-/tsx-4.22.1.tgz 0ms (cache hit)
429 http cache terser-webpack-plugin@https://registry.npmjs.org/terser-webpack-plugin/-/terser-webpack-plugin-5.6.0.tgz 0ms (cache hit)
430 http cache terser@https://registry.npmjs.org/terser/-/terser-5.47.1.tgz 0ms (cache hit)
431 http cache tiny-inflate@https://registry.npmjs.org/tiny-inflate/-/tiny-inflate-1.0.3.tgz 0ms (cache hit)
432 http cache tailwindcss@https://registry.npmjs.org/tailwindcss/-/tailwindcss-4.2.1.tgz 0ms (cache hit)
433 http cache strip-literal@https://registry.npmjs.org/strip-literal/-/strip-literal-3.1.0.tgz 0ms (cache hit)
434 http cache string.prototype.codepointat@https://registry.npmjs.org/string.prototype.codepointat/-/string.prototype.codepointat-0.2.1.tgz 0ms (cache hit)
435 http cache source-map-support@https://registry.npmjs.org/source-map-support/-/source-map-support-0.5.21.tgz 0ms (cache hit)
436 http cache srvx@https://registry.npmjs.org/srvx/-/srvx-0.11.15.tgz 0ms (cache hit)
437 http cache source-map@https://registry.npmjs.org/source-map/-/source-map-0.6.1.tgz 0ms (cache hit)
438 http cache sonner@https://registry.npmjs.org/sonner/-/sonner-2.0.8.tgz 0ms (cache hit)
439 http cache semver@https://registry.npmjs.org/semver/-/semver-6.3.1.tgz 0ms (cache hit)
440 http cache satori@https://registry.npmjs.org/satori/-/satori-0.16.0.tgz 0ms (cache hit)
441 http cache rolldown@https://registry.npmjs.org/rolldown/-/rolldown-1.0.1.tgz 0ms (cache hit)
442 http cache resolve@https://registry.npmjs.org/resolve/-/resolve-2.0.0-next.7.tgz 0ms (cache hit)
443 http cache schema-utils@https://registry.npmjs.org/schema-utils/-/schema-utils-4.3.3.tgz 0ms (cache hit)
444 http cache redux-thunk@https://registry.npmjs.org/redux-thunk/-/redux-thunk-3.1.0.tgz 0ms (cache hit)
445 http cache reselect@https://registry.npmjs.org/reselect/-/reselect-5.2.0.tgz 0ms (cache hit)
446 http cache recharts@https://registry.npmjs.org/recharts/-/recharts-3.8.0.tgz 0ms (cache hit)
447 http cache redux@https://registry.npmjs.org/redux/-/redux-5.0.1.tgz 0ms (cache hit)
448 http cache react-server-dom-webpack@https://registry.npmjs.org/react-server-dom-webpack/-/react-server-dom-webpack-19.2.6.tgz 0ms (cache hit)
449 http cache react-resizable-panels@https://registry.npmjs.org/react-resizable-panels/-/react-resizable-panels-4.12.2.tgz 0ms (cache hit)
450 http cache react-redux@https://registry.npmjs.org/react-redux/-/react-redux-9.3.0.tgz 0ms (cache hit)
451 http cache react-day-picker@https://registry.npmjs.org/react-day-picker/-/react-day-picker-10.0.1.tgz 0ms (cache hit)
452 http cache radix-ui@https://registry.npmjs.org/radix-ui/-/radix-ui-1.6.7.tgz 0ms (cache hit)
453 http cache react-hook-form@https://registry.npmjs.org/react-hook-form/-/react-hook-form-7.85.0.tgz 0ms (cache hit)
454 http cache path-to-regexp@https://registry.npmjs.org/path-to-regexp/-/path-to-regexp-6.3.0.tgz 0ms (cache hit)
455 http cache parse-css-color@https://registry.npmjs.org/parse-css-color/-/parse-css-color-0.2.1.tgz 0ms (cache hit)
456 http cache pako@https://registry.npmjs.org/pako/-/pako-0.2.9.tgz 0ms (cache hit)
457 http cache napi-postinstall@https://registry.npmjs.org/napi-postinstall/-/napi-postinstall-0.3.4.tgz 0ms (cache hit)
458 http cache next@https://registry.npmjs.org/next/-/next-16.2.6.tgz 0ms (cache hit)
459 http cache neo-async@https://registry.npmjs.org/neo-async/-/neo-async-2.6.2.tgz 0ms (cache hit)
460 http cache merge-stream@https://registry.npmjs.org/merge-stream/-/merge-stream-2.0.0.tgz 0ms (cache hit)
461 http cache nanoid@https://registry.npmjs.org/nanoid/-/nanoid-3.3.12.tgz 0ms (cache hit)
462 http cache lucide-react@https://registry.npmjs.org/lucide-react/-/lucide-react-1.31.0.tgz 0ms (cache hit)
463 http cache miniflare@https://registry.npmjs.org/miniflare/-/miniflare-4.20260515.0.tgz 0ms (cache hit)
464 http cache loose-envify@https://registry.npmjs.org/loose-envify/-/loose-envify-1.4.0.tgz 0ms (cache hit)
465 http cache loader-runner@https://registry.npmjs.org/loader-runner/-/loader-runner-4.3.2.tgz 0ms (cache hit)
466 http cache lightningcss-win32-x64-msvc@https://registry.npmjs.org/lightningcss-win32-x64-msvc/-/lightningcss-win32-x64-msvc-1.31.1.tgz 0ms (cache hit)
467 http cache linebreak@https://registry.npmjs.org/linebreak/-/linebreak-1.1.0.tgz 0ms (cache hit)
468 http cache kleur@https://registry.npmjs.org/kleur/-/kleur-4.1.5.tgz 0ms (cache hit)
469 http cache lightningcss@https://registry.npmjs.org/lightningcss/-/lightningcss-1.31.1.tgz 0ms (cache hit)
470 http cache json5@https://registry.npmjs.org/json5/-/json5-2.2.3.tgz 0ms (cache hit)
471 http cache jsesc@https://registry.npmjs.org/jsesc/-/jsesc-3.1.0.tgz 0ms (cache hit)
472 http cache jiti@https://registry.npmjs.org/jiti/-/jiti-2.7.0.tgz 0ms (cache hit)
473 http cache jest-worker@https://registry.npmjs.org/jest-worker/-/jest-worker-27.5.1.tgz 0ms (cache hit)
474 http cache is-core-module@https://registry.npmjs.org/is-core-module/-/is-core-module-2.16.2.tgz 0ms (cache hit)
475 http cache js-yaml@https://registry.npmjs.org/js-yaml/-/js-yaml-4.1.1.tgz 0ms (cache hit)
476 http cache immer@https://registry.npmjs.org/immer/-/immer-10.2.0.tgz 0ms (cache hit)
477 http cache image-size@https://registry.npmjs.org/image-size/-/image-size-2.0.2.tgz 0ms (cache hit)
478 http cache hex-rgb@https://registry.npmjs.org/hex-rgb/-/hex-rgb-4.3.0.tgz 0ms (cache hit)
479 http cache glob-to-regexp@https://registry.npmjs.org/glob-to-regexp/-/glob-to-regexp-0.4.1.tgz 0ms (cache hit)
480 http cache fflate@https://registry.npmjs.org/fflate/-/fflate-0.7.4.tgz 0ms (cache hit)
481 http cache events@https://registry.npmjs.org/events/-/events-3.3.0.tgz 0ms (cache hit)
482 http cache fast-uri@https://registry.npmjs.org/fast-uri/-/fast-uri-3.1.2.tgz 0ms (cache hit)
483 http cache eventemitter3@https://registry.npmjs.org/eventemitter3/-/eventemitter3-5.0.4.tgz 0ms (cache hit)
484 http cache eslint-config-next@https://registry.npmjs.org/eslint-config-next/-/eslint-config-next-16.2.6.tgz 0ms (cache hit)
485 http cache estree-walker@https://registry.npmjs.org/estree-walker/-/estree-walker-3.0.3.tgz 0ms (cache hit)
486 http cache eslint@https://registry.npmjs.org/eslint/-/eslint-9.39.4.tgz 0ms (cache hit)
487 http cache esbuild@https://registry.npmjs.org/esbuild/-/esbuild-0.28.0.tgz 0ms (cache hit)
488 http cache es-toolkit@https://registry.npmjs.org/es-toolkit/-/es-toolkit-1.50.0.tgz 1ms (cache hit)
489 http cache es-module-lexer@https://registry.npmjs.org/es-module-lexer/-/es-module-lexer-2.1.0.tgz 0ms (cache hit)
490 http cache error-stack-parser-es@https://registry.npmjs.org/error-stack-parser-es/-/error-stack-parser-es-1.0.5.tgz 0ms (cache hit)
491 http cache emoji-regex-xs@https://registry.npmjs.org/emoji-regex-xs/-/emoji-regex-xs-2.0.1.tgz 0ms (cache hit)
492 http cache electron-to-chromium@https://registry.npmjs.org/electron-to-chromium/-/electron-to-chromium-1.5.358.tgz 0ms (cache hit)
493 http cache drizzle-orm@https://registry.npmjs.org/drizzle-orm/-/drizzle-orm-0.45.2.tgz 0ms (cache hit)
494 http cache date-fns@https://registry.npmjs.org/date-fns/-/date-fns-4.4.0.tgz 0ms (cache hit)
495 http cache css-gradient-parser@https://registry.npmjs.org/css-gradient-parser/-/css-gradient-parser-0.0.16.tgz 0ms (cache hit)
496 http cache css-box-shadow@https://registry.npmjs.org/css-box-shadow/-/css-box-shadow-1.0.0-3.tgz 0ms (cache hit)
497 http cache drizzle-kit@https://registry.npmjs.org/drizzle-kit/-/drizzle-kit-0.31.10.tgz 0ms (cache hit)
498 http cache css-color-keywords@https://registry.npmjs.org/css-color-keywords/-/css-color-keywords-1.0.0.tgz 0ms (cache hit)
499 http cache css-background-parser@https://registry.npmjs.org/css-background-parser/-/css-background-parser-0.1.0.tgz 0ms (cache hit)
500 http cache commander@https://registry.npmjs.org/commander/-/commander-2.20.3.tgz 0ms (cache hit)
501 http cache chrome-trace-event@https://registry.npmjs.org/chrome-trace-event/-/chrome-trace-event-1.0.4.tgz 0ms (cache hit)
502 http cache caniuse-lite@https://registry.npmjs.org/caniuse-lite/-/caniuse-lite-1.0.30001793.tgz 0ms (cache hit)
503 http cache camelize@https://registry.npmjs.org/camelize/-/camelize-1.0.1.tgz 0ms (cache hit)
504 http cache buffer-from@https://registry.npmjs.org/buffer-from/-/buffer-from-1.1.2.tgz 0ms (cache hit)
505 http cache css-to-react-native@https://registry.npmjs.org/css-to-react-native/-/css-to-react-native-3.2.0.tgz 0ms (cache hit)
506 http cache browserslist@https://registry.npmjs.org/browserslist/-/browserslist-4.28.2.tgz 0ms (cache hit)
507 http cache blake3-wasm@https://registry.npmjs.org/blake3-wasm/-/blake3-wasm-2.1.5.tgz 0ms (cache hit)
508 http cache base64-js@https://registry.npmjs.org/base64-js/-/base64-js-0.0.8.tgz 0ms (cache hit)
509 http cache baseline-browser-mapping@https://registry.npmjs.org/baseline-browser-mapping/-/baseline-browser-mapping-2.10.30.tgz 0ms (cache hit)
510 http cache acorn-loose@https://registry.npmjs.org/acorn-loose/-/acorn-loose-8.5.2.tgz 0ms (cache hit)
511 http cache axe-core@https://registry.npmjs.org/axe-core/-/axe-core-4.11.4.tgz 0ms (cache hit)
512 http cache acorn@https://registry.npmjs.org/acorn/-/acorn-8.16.0.tgz 0ms (cache hit)
513 http cache acorn-import-phases@https://registry.npmjs.org/acorn-import-phases/-/acorn-import-phases-1.0.4.tgz 0ms (cache hit)
514 http cache json5@https://registry.npmjs.org/json5/-/json5-1.0.2.tgz 0ms (cache hit)
515 http cache semver@https://registry.npmjs.org/semver/-/semver-7.8.0.tgz 0ms (cache hit)
516 http cache semver@https://registry.npmjs.org/semver/-/semver-7.8.0.tgz 0ms (cache hit)
517 http cache eslint-visitor-keys@https://registry.npmjs.org/eslint-visitor-keys/-/eslint-visitor-keys-5.0.1.tgz 0ms (cache hit)
518 http cache @rolldown/pluginutils@https://registry.npmjs.org/@rolldown/pluginutils/-/pluginutils-1.0.0-rc.18.tgz 0ms (cache hit)
519 http cache minimatch@https://registry.npmjs.org/minimatch/-/minimatch-10.2.5.tgz 0ms (cache hit)
520 http cache ignore@https://registry.npmjs.org/ignore/-/ignore-7.0.5.tgz 0ms (cache hit)
521 http cache balanced-match@https://registry.npmjs.org/balanced-match/-/balanced-match-4.0.4.tgz 0ms (cache hit)
522 http cache semver@https://registry.npmjs.org/semver/-/semver-7.8.0.tgz 0ms (cache hit)
523 http cache brace-expansion@https://registry.npmjs.org/brace-expansion/-/brace-expansion-5.0.6.tgz 0ms (cache hit)
524 http cache immer@https://registry.npmjs.org/immer/-/immer-11.1.16.tgz 0ms (cache hit)
525 http cache @radix-ui/react-slot@https://registry.npmjs.org/@radix-ui/react-slot/-/react-slot-1.3.3.tgz 0ms (cache hit)
526 http cache @radix-ui/react-compose-refs@https://registry.npmjs.org/@radix-ui/react-compose-refs/-/react-compose-refs-1.1.5.tgz 0ms (cache hit)
527 http cache @radix-ui/react-slot@https://registry.npmjs.org/@radix-ui/react-slot/-/react-slot-1.3.3.tgz 0ms (cache hit)
528 http cache @radix-ui/react-compose-refs@https://registry.npmjs.org/@radix-ui/react-compose-refs/-/react-compose-refs-1.1.5.tgz 0ms (cache hit)
529 http cache @radix-ui/react-compose-refs@https://registry.npmjs.org/@radix-ui/react-compose-refs/-/react-compose-refs-1.1.5.tgz 0ms (cache hit)
530 http cache @radix-ui/react-compose-refs@https://registry.npmjs.org/@radix-ui/react-compose-refs/-/react-compose-refs-1.1.5.tgz 0ms (cache hit)
531 http cache @radix-ui/react-compose-refs@https://registry.npmjs.org/@radix-ui/react-compose-refs/-/react-compose-refs-1.1.5.tgz 0ms (cache hit)
532 http cache @radix-ui/react-compose-refs@https://registry.npmjs.org/@radix-ui/react-compose-refs/-/react-compose-refs-1.1.5.tgz 0ms (cache hit)
533 http cache @radix-ui/react-slot@https://registry.npmjs.org/@radix-ui/react-slot/-/react-slot-1.3.3.tgz 0ms (cache hit)
534 http cache @radix-ui/react-compose-refs@https://registry.npmjs.org/@radix-ui/react-compose-refs/-/react-compose-refs-1.1.5.tgz 0ms (cache hit)
535 http cache @radix-ui/react-compose-refs@https://registry.npmjs.org/@radix-ui/react-compose-refs/-/react-compose-refs-1.1.5.tgz 0ms (cache hit)
536 http cache @radix-ui/react-compose-refs@https://registry.npmjs.org/@radix-ui/react-compose-refs/-/react-compose-refs-1.1.5.tgz 0ms (cache hit)
537 http cache @radix-ui/react-compose-refs@https://registry.npmjs.org/@radix-ui/react-compose-refs/-/react-compose-refs-1.1.5.tgz 0ms (cache hit)
538 http cache @radix-ui/react-compose-refs@https://registry.npmjs.org/@radix-ui/react-compose-refs/-/react-compose-refs-1.1.5.tgz 0ms (cache hit)
539 http cache @radix-ui/react-compose-refs@https://registry.npmjs.org/@radix-ui/react-compose-refs/-/react-compose-refs-1.1.5.tgz 0ms (cache hit)
540 http cache @radix-ui/react-slot@https://registry.npmjs.org/@radix-ui/react-slot/-/react-slot-1.3.3.tgz 0ms (cache hit)
541 http cache @radix-ui/react-compose-refs@https://registry.npmjs.org/@radix-ui/react-compose-refs/-/react-compose-refs-1.1.5.tgz 0ms (cache hit)
542 http cache @radix-ui/react-compose-refs@https://registry.npmjs.org/@radix-ui/react-compose-refs/-/react-compose-refs-1.1.5.tgz 0ms (cache hit)
543 http cache @radix-ui/react-compose-refs@https://registry.npmjs.org/@radix-ui/react-compose-refs/-/react-compose-refs-1.1.5.tgz 0ms (cache hit)
544 http cache @radix-ui/react-slot@https://registry.npmjs.org/@radix-ui/react-slot/-/react-slot-1.3.3.tgz 0ms (cache hit)
545 http cache @radix-ui/react-compose-refs@https://registry.npmjs.org/@radix-ui/react-compose-refs/-/react-compose-refs-1.1.5.tgz 0ms (cache hit)
546 http cache @radix-ui/react-compose-refs@https://registry.npmjs.org/@radix-ui/react-compose-refs/-/react-compose-refs-1.1.5.tgz 0ms (cache hit)
547 http cache @radix-ui/react-compose-refs@https://registry.npmjs.org/@radix-ui/react-compose-refs/-/react-compose-refs-1.1.5.tgz 0ms (cache hit)
548 http cache @radix-ui/react-compose-refs@https://registry.npmjs.org/@radix-ui/react-compose-refs/-/react-compose-refs-1.1.5.tgz 0ms (cache hit)
549 http cache @radix-ui/react-compose-refs@https://registry.npmjs.org/@radix-ui/react-compose-refs/-/react-compose-refs-1.1.5.tgz 0ms (cache hit)
550 http cache @radix-ui/react-compose-refs@https://registry.npmjs.org/@radix-ui/react-compose-refs/-/react-compose-refs-1.1.5.tgz 0ms (cache hit)
551 http cache @radix-ui/react-slot@https://registry.npmjs.org/@radix-ui/react-slot/-/react-slot-1.3.3.tgz 0ms (cache hit)
552 http cache @radix-ui/react-compose-refs@https://registry.npmjs.org/@radix-ui/react-compose-refs/-/react-compose-refs-1.1.5.tgz 0ms (cache hit)
553 http cache @radix-ui/react-compose-refs@https://registry.npmjs.org/@radix-ui/react-compose-refs/-/react-compose-refs-1.1.5.tgz 0ms (cache hit)
554 http cache @radix-ui/react-compose-refs@https://registry.npmjs.org/@radix-ui/react-compose-refs/-/react-compose-refs-1.1.5.tgz 0ms (cache hit)
555 http cache @radix-ui/react-compose-refs@https://registry.npmjs.org/@radix-ui/react-compose-refs/-/react-compose-refs-1.1.5.tgz 0ms (cache hit)
556 http cache @radix-ui/react-slot@https://registry.npmjs.org/@radix-ui/react-slot/-/react-slot-1.3.3.tgz 0ms (cache hit)
557 http cache @radix-ui/react-compose-refs@https://registry.npmjs.org/@radix-ui/react-compose-refs/-/react-compose-refs-1.1.5.tgz 0ms (cache hit)
558 http cache @radix-ui/react-compose-refs@https://registry.npmjs.org/@radix-ui/react-compose-refs/-/react-compose-refs-1.1.5.tgz 0ms (cache hit)
559 http cache supports-color@https://registry.npmjs.org/supports-color/-/supports-color-10.2.2.tgz 0ms (cache hit)
560 http cache @esbuild/win32-x64@https://registry.npmjs.org/@esbuild/win32-x64/-/win32-x64-0.18.20.tgz 0ms (cache hit)
561 http cache @jridgewell/trace-mapping@https://registry.npmjs.org/@jridgewell/trace-mapping/-/trace-mapping-0.3.9.tgz 0ms (cache hit)
562 http cache esbuild@https://registry.npmjs.org/esbuild/-/esbuild-0.18.20.tgz 0ms (cache hit)
563 http cache @esbuild/win32-x64@https://registry.npmjs.org/@esbuild/win32-x64/-/win32-x64-0.27.3.tgz 0ms (cache hit)
564 http cache esbuild@https://registry.npmjs.org/esbuild/-/esbuild-0.27.3.tgz 0ms (cache hit)
565 http cache estraverse@https://registry.npmjs.org/estraverse/-/estraverse-4.3.0.tgz 0ms (cache hit)
566 http cache glob-parent@https://registry.npmjs.org/glob-parent/-/glob-parent-5.1.2.tgz 0ms (cache hit)
567 http cache eslint-scope@https://registry.npmjs.org/eslint-scope/-/eslint-scope-5.1.1.tgz 0ms (cache hit)
568 http cache fast-glob@https://registry.npmjs.org/fast-glob/-/fast-glob-3.3.3.tgz 0ms (cache hit)
569 http cache picomatch@https://registry.npmjs.org/picomatch/-/picomatch-4.0.4.tgz 0ms (cache hit)
570 http cache es-module-lexer@https://registry.npmjs.org/es-module-lexer/-/es-module-lexer-1.7.0.tgz 0ms (cache hit)
571 http cache js-tokens@https://registry.npmjs.org/js-tokens/-/js-tokens-9.0.1.tgz 0ms (cache hit)
572 http cache lightningcss-win32-x64-msvc@https://registry.npmjs.org/lightningcss-win32-x64-msvc/-/lightningcss-win32-x64-msvc-1.32.0.tgz 0ms (cache hit)
573 http cache ajv-keywords@https://registry.npmjs.org/ajv-keywords/-/ajv-keywords-5.1.0.tgz 0ms (cache hit)
574 http cache lightningcss@https://registry.npmjs.org/lightningcss/-/lightningcss-1.32.0.tgz 0ms (cache hit)
575 http cache postcss@https://registry.npmjs.org/postcss/-/postcss-8.4.31.tgz 0ms (cache hit)
576 http cache reselect@https://registry.npmjs.org/reselect/-/reselect-5.1.1.tgz 0ms (cache hit)
577 http cache supports-color@https://registry.npmjs.org/supports-color/-/supports-color-8.1.1.tgz 0ms (cache hit)
578 http cache globals@https://registry.npmjs.org/globals/-/globals-16.4.0.tgz 0ms (cache hit)
579 http cache @radix-ui/react-compose-refs@https://registry.npmjs.org/@radix-ui/react-compose-refs/-/react-compose-refs-1.1.5.tgz 0ms (cache hit)
580 http cache @radix-ui/react-slot@https://registry.npmjs.org/@radix-ui/react-slot/-/react-slot-1.3.3.tgz 0ms (cache hit)
581 http cache esbuild@https://registry.npmjs.org/esbuild/-/esbuild-0.25.12.tgz 0ms (cache hit)
582 http cache ajv@https://registry.npmjs.org/ajv/-/ajv-6.15.0.tgz 0ms (cache hit)
583 silly tarball no local data for @xtuc/long@https://registry.npmjs.org/@xtuc/long/-/long-4.2.2.tgz. Extracting by manifest.
584 silly tarball no local data for @xtuc/ieee754@https://registry.npmjs.org/@xtuc/ieee754/-/ieee754-1.2.0.tgz. Extracting by manifest.
585 http cache json-schema-traverse@https://registry.npmjs.org/json-schema-traverse/-/json-schema-traverse-0.4.1.tgz 0ms (cache hit)
586 silly tarball no local data for @webassemblyjs/wast-printer@https://registry.npmjs.org/@webassemblyjs/wast-printer/-/wast-printer-1.14.1.tgz. Extracting by manifest.
587 silly tarball no local data for @webassemblyjs/wasm-parser@https://registry.npmjs.org/@webassemblyjs/wasm-parser/-/wasm-parser-1.14.1.tgz. Extracting by manifest.
588 silly tarball no local data for @webassemblyjs/wasm-opt@https://registry.npmjs.org/@webassemblyjs/wasm-opt/-/wasm-opt-1.14.1.tgz. Extracting by manifest.
589 silly tarball no local data for @webassemblyjs/wasm-edit@https://registry.npmjs.org/@webassemblyjs/wasm-edit/-/wasm-edit-1.14.1.tgz. Extracting by manifest.
590 silly tarball no local data for @webassemblyjs/wasm-gen@https://registry.npmjs.org/@webassemblyjs/wasm-gen/-/wasm-gen-1.14.1.tgz. Extracting by manifest.
591 silly tarball no local data for @webassemblyjs/leb128@https://registry.npmjs.org/@webassemblyjs/leb128/-/leb128-1.13.2.tgz. Extracting by manifest.
592 silly tarball no local data for @webassemblyjs/ieee754@https://registry.npmjs.org/@webassemblyjs/ieee754/-/ieee754-1.13.2.tgz. Extracting by manifest.
593 silly tarball no local data for @webassemblyjs/utf8@https://registry.npmjs.org/@webassemblyjs/utf8/-/utf8-1.13.2.tgz. Extracting by manifest.
594 silly tarball no local data for @webassemblyjs/helper-wasm-section@https://registry.npmjs.org/@webassemblyjs/helper-wasm-section/-/helper-wasm-section-1.14.1.tgz. Extracting by manifest.
595 silly tarball no local data for @webassemblyjs/helper-wasm-bytecode@https://registry.npmjs.org/@webassemblyjs/helper-wasm-bytecode/-/helper-wasm-bytecode-1.13.2.tgz. Extracting by manifest.
596 silly tarball no local data for @webassemblyjs/helper-numbers@https://registry.npmjs.org/@webassemblyjs/helper-numbers/-/helper-numbers-1.13.2.tgz. Extracting by manifest.
597 silly tarball no local data for @webassemblyjs/helper-buffer@https://registry.npmjs.org/@webassemblyjs/helper-buffer/-/helper-buffer-1.14.1.tgz. Extracting by manifest.
598 silly tarball no local data for @webassemblyjs/floating-point-hex-parser@https://registry.npmjs.org/@webassemblyjs/floating-point-hex-parser/-/floating-point-hex-parser-1.13.2.tgz. Extracting by manifest.
599 silly tarball no local data for @webassemblyjs/helper-api-error@https://registry.npmjs.org/@webassemblyjs/helper-api-error/-/helper-api-error-1.13.2.tgz. Extracting by manifest.
600 silly tarball no local data for @webassemblyjs/ast@https://registry.npmjs.org/@webassemblyjs/ast/-/ast-1.14.1.tgz. Extracting by manifest.
601 silly tarball no local data for @vitejs/plugin-react@https://registry.npmjs.org/@vitejs/plugin-react/-/plugin-react-6.0.2.tgz. Extracting by manifest.
602 silly tarball no local data for @vitejs/plugin-rsc@https://registry.npmjs.org/@vitejs/plugin-rsc/-/plugin-rsc-0.5.26.tgz. Extracting by manifest.
603 silly tarball no local data for @vercel/og@https://registry.npmjs.org/@vercel/og/-/og-0.8.6.tgz. Extracting by manifest.
604 silly tarball no local data for @unpic/react@https://registry.npmjs.org/@unpic/react/-/react-1.0.2.tgz. Extracting by manifest.
605 silly tarball no local data for @vinext/types@https://registry.npmjs.org/@vinext/types/-/types-1.0.0-beta.2.tgz. Extracting by manifest.
606 silly tarball no local data for @unpic/core@https://registry.npmjs.org/@unpic/core/-/core-1.0.3.tgz. Extracting by manifest.
607 silly tarball no local data for @typescript-eslint/utils@https://registry.npmjs.org/@typescript-eslint/utils/-/utils-8.59.3.tgz. Extracting by manifest.
608 silly tarball no local data for @typescript-eslint/visitor-keys@https://registry.npmjs.org/@typescript-eslint/visitor-keys/-/visitor-keys-8.59.3.tgz. Extracting by manifest.
609 silly tarball no local data for @typescript-eslint/typescript-estree@https://registry.npmjs.org/@typescript-eslint/typescript-estree/-/typescript-estree-8.59.3.tgz. Extracting by manifest.
610 silly tarball no local data for @typescript-eslint/type-utils@https://registry.npmjs.org/@typescript-eslint/type-utils/-/type-utils-8.59.3.tgz. Extracting by manifest.
611 silly tarball no local data for @typescript-eslint/types@https://registry.npmjs.org/@typescript-eslint/types/-/types-8.59.3.tgz. Extracting by manifest.
612 silly tarball no local data for @typescript-eslint/parser@https://registry.npmjs.org/@typescript-eslint/parser/-/parser-8.59.3.tgz. Extracting by manifest.
613 silly tarball no local data for @typescript-eslint/scope-manager@https://registry.npmjs.org/@typescript-eslint/scope-manager/-/scope-manager-8.59.3.tgz. Extracting by manifest.
614 silly tarball no local data for @typescript-eslint/tsconfig-utils@https://registry.npmjs.org/@typescript-eslint/tsconfig-utils/-/tsconfig-utils-8.59.3.tgz. Extracting by manifest.
615 silly tarball no local data for @typescript-eslint/project-service@https://registry.npmjs.org/@typescript-eslint/project-service/-/project-service-8.59.3.tgz. Extracting by manifest.
616 silly tarball no local data for @typescript-eslint/eslint-plugin@https://registry.npmjs.org/@typescript-eslint/eslint-plugin/-/eslint-plugin-8.59.3.tgz. Extracting by manifest.
617 silly tarball no local data for @tailwindcss/postcss@https://registry.npmjs.org/@tailwindcss/postcss/-/postcss-4.2.1.tgz. Extracting by manifest.
618 silly tarball no local data for @types/use-sync-external-store@https://registry.npmjs.org/@types/use-sync-external-store/-/use-sync-external-store-0.0.6.tgz. Extracting by manifest.
619 silly tarball no local data for @types/eslint@https://registry.npmjs.org/@types/eslint/-/eslint-9.6.1.tgz. Extracting by manifest.
620 silly tarball no local data for @types/eslint-scope@https://registry.npmjs.org/@types/eslint-scope/-/eslint-scope-3.7.7.tgz. Extracting by manifest.
621 silly tarball no local data for @tybys/wasm-util@https://registry.npmjs.org/@tybys/wasm-util/-/wasm-util-0.10.2.tgz. Extracting by manifest.
622 silly tarball no local data for @standard-schema/utils@https://registry.npmjs.org/@standard-schema/utils/-/utils-0.3.0.tgz. Extracting by manifest.
623 silly tarball no local data for @tailwindcss/oxide-win32-x64-msvc@https://registry.npmjs.org/@tailwindcss/oxide-win32-x64-msvc/-/oxide-win32-x64-msvc-4.2.1.tgz. Extracting by manifest.
624 http cache @esbuild/win32-x64@https://registry.npmjs.org/@esbuild/win32-x64/-/win32-x64-0.25.12.tgz 0ms (cache hit)
625 silly tarball no local data for @tailwindcss/oxide@https://registry.npmjs.org/@tailwindcss/oxide/-/oxide-4.2.1.tgz. Extracting by manifest.
626 silly tarball no local data for @tailwindcss/node@https://registry.npmjs.org/@tailwindcss/node/-/node-4.2.1.tgz. Extracting by manifest.
627 silly tarball no local data for @speed-highlight/core@https://registry.npmjs.org/@speed-highlight/core/-/core-1.2.15.tgz. Extracting by manifest.
628 silly tarball no local data for @sindresorhus/is@https://registry.npmjs.org/@sindresorhus/is/-/is-7.2.0.tgz. Extracting by manifest.
629 silly tarball no local data for @shadcn/react@https://registry.npmjs.org/@shadcn/react/-/react-0.3.0.tgz. Extracting by manifest.
630 silly tarball no local data for @rolldown/pluginutils@https://registry.npmjs.org/@rolldown/pluginutils/-/pluginutils-1.0.1.tgz. Extracting by manifest.
631 silly tarball no local data for @shuding/opentype.js@https://registry.npmjs.org/@shuding/opentype.js/-/opentype.js-1.4.0-beta.0.tgz. Extracting by manifest.
632 silly tarball no local data for @reduxjs/toolkit@https://registry.npmjs.org/@reduxjs/toolkit/-/toolkit-2.12.0.tgz. Extracting by manifest.
633 silly tarball no local data for @rolldown/binding-win32-x64-msvc@https://registry.npmjs.org/@rolldown/binding-win32-x64-msvc/-/binding-win32-x64-msvc-1.0.1.tgz. Extracting by manifest.
634 silly tarball no local data for @resvg/resvg-wasm@https://registry.npmjs.org/@resvg/resvg-wasm/-/resvg-wasm-2.4.0.tgz. Extracting by manifest.
635 silly tarball no local data for @radix-ui/rect@https://registry.npmjs.org/@radix-ui/rect/-/rect-1.1.3.tgz. Extracting by manifest.
636 silly tarball no local data for @radix-ui/react-visually-hidden@https://registry.npmjs.org/@radix-ui/react-visually-hidden/-/react-visually-hidden-1.2.11.tgz. Extracting by manifest.
637 silly tarball no local data for @radix-ui/react-use-size@https://registry.npmjs.org/@radix-ui/react-use-size/-/react-use-size-1.1.4.tgz. Extracting by manifest.
638 silly tarball no local data for @radix-ui/react-use-rect@https://registry.npmjs.org/@radix-ui/react-use-rect/-/react-use-rect-1.1.4.tgz. Extracting by manifest.
639 silly tarball no local data for @radix-ui/react-use-previous@https://registry.npmjs.org/@radix-ui/react-use-previous/-/react-use-previous-1.1.4.tgz. Extracting by manifest.
640 silly tarball no local data for @radix-ui/react-use-layout-effect@https://registry.npmjs.org/@radix-ui/react-use-layout-effect/-/react-use-layout-effect-1.1.4.tgz. Extracting by manifest.
641 silly tarball no local data for @radix-ui/react-use-is-hydrated@https://registry.npmjs.org/@radix-ui/react-use-is-hydrated/-/react-use-is-hydrated-0.1.3.tgz. Extracting by manifest.
642 silly tarball no local data for @radix-ui/react-use-escape-keydown@https://registry.npmjs.org/@radix-ui/react-use-escape-keydown/-/react-use-escape-keydown-1.1.5.tgz. Extracting by manifest.
643 silly tarball no local data for @radix-ui/react-use-callback-ref@https://registry.npmjs.org/@radix-ui/react-use-callback-ref/-/react-use-callback-ref-1.1.4.tgz. Extracting by manifest.
644 silly tarball no local data for @radix-ui/react-use-controllable-state@https://registry.npmjs.org/@radix-ui/react-use-controllable-state/-/react-use-controllable-state-1.2.6.tgz. Extracting by manifest.
645 silly tarball no local data for @radix-ui/react-tooltip@https://registry.npmjs.org/@radix-ui/react-tooltip/-/react-tooltip-1.2.16.tgz. Extracting by manifest.
646 silly tarball no local data for @radix-ui/react-use-effect-event@https://registry.npmjs.org/@radix-ui/react-use-effect-event/-/react-use-effect-event-0.0.5.tgz. Extracting by manifest.
647 silly tarball no local data for @radix-ui/react-toolbar@https://registry.npmjs.org/@radix-ui/react-toolbar/-/react-toolbar-1.1.19.tgz. Extracting by manifest.
648 silly tarball no local data for @radix-ui/react-toggle-group@https://registry.npmjs.org/@radix-ui/react-toggle-group/-/react-toggle-group-1.1.19.tgz. Extracting by manifest.
649 silly tarball no local data for @radix-ui/react-toggle@https://registry.npmjs.org/@radix-ui/react-toggle/-/react-toggle-1.1.18.tgz. Extracting by manifest.
650 silly tarball no local data for @radix-ui/react-tabs@https://registry.npmjs.org/@radix-ui/react-tabs/-/react-tabs-1.1.21.tgz. Extracting by manifest.
651 silly tarball no local data for @radix-ui/react-toast@https://registry.npmjs.org/@radix-ui/react-toast/-/react-toast-1.2.23.tgz. Extracting by manifest.
652 silly tarball no local data for @radix-ui/react-switch@https://registry.npmjs.org/@radix-ui/react-switch/-/react-switch-1.3.7.tgz. Extracting by manifest.
653 silly tarball no local data for @radix-ui/react-slider@https://registry.npmjs.org/@radix-ui/react-slider/-/react-slider-1.4.7.tgz. Extracting by manifest.
654 silly tarball no local data for @radix-ui/react-select@https://registry.npmjs.org/@radix-ui/react-select/-/react-select-2.3.7.tgz. Extracting by manifest.
655 silly tarball no local data for @radix-ui/react-scroll-area@https://registry.npmjs.org/@radix-ui/react-scroll-area/-/react-scroll-area-1.2.18.tgz. Extracting by manifest.
656 silly tarball no local data for @radix-ui/react-separator@https://registry.npmjs.org/@radix-ui/react-separator/-/react-separator-1.1.15.tgz. Extracting by manifest.
657 silly tarball no local data for @radix-ui/react-roving-focus@https://registry.npmjs.org/@radix-ui/react-roving-focus/-/react-roving-focus-1.1.19.tgz. Extracting by manifest.
658 silly tarball no local data for @radix-ui/react-radio-group@https://registry.npmjs.org/@radix-ui/react-radio-group/-/react-radio-group-1.4.7.tgz. Extracting by manifest.
659 silly tarball no local data for @radix-ui/react-progress@https://registry.npmjs.org/@radix-ui/react-progress/-/react-progress-1.1.16.tgz. Extracting by manifest.
660 silly tarball no local data for @radix-ui/react-presence@https://registry.npmjs.org/@radix-ui/react-presence/-/react-presence-1.1.10.tgz. Extracting by manifest.
661 silly tarball no local data for @radix-ui/react-primitive@https://registry.npmjs.org/@radix-ui/react-primitive/-/react-primitive-2.1.10.tgz. Extracting by manifest.
662 silly tarball no local data for @radix-ui/react-popper@https://registry.npmjs.org/@radix-ui/react-popper/-/react-popper-1.3.7.tgz. Extracting by manifest.
663 silly tarball no local data for @radix-ui/react-portal@https://registry.npmjs.org/@radix-ui/react-portal/-/react-portal-1.1.17.tgz. Extracting by manifest.
664 silly tarball no local data for @radix-ui/react-popover@https://registry.npmjs.org/@radix-ui/react-popover/-/react-popover-1.1.23.tgz. Extracting by manifest.
665 silly tarball no local data for @radix-ui/react-one-time-password-field@https://registry.npmjs.org/@radix-ui/react-one-time-password-field/-/react-one-time-password-field-0.1.16.tgz. Extracting by manifest.
666 silly tarball no local data for @radix-ui/react-password-toggle-field@https://registry.npmjs.org/@radix-ui/react-password-toggle-field/-/react-password-toggle-field-0.1.11.tgz. Extracting by manifest.
667 silly tarball no local data for @radix-ui/react-menu@https://registry.npmjs.org/@radix-ui/react-menu/-/react-menu-2.1.24.tgz. Extracting by manifest.
668 silly tarball no local data for @radix-ui/react-menubar@https://registry.npmjs.org/@radix-ui/react-menubar/-/react-menubar-1.1.24.tgz. Extracting by manifest.
669 silly tarball no local data for @radix-ui/react-label@https://registry.npmjs.org/@radix-ui/react-label/-/react-label-2.1.15.tgz. Extracting by manifest.
670 silly tarball no local data for @radix-ui/react-form@https://registry.npmjs.org/@radix-ui/react-form/-/react-form-0.1.16.tgz. Extracting by manifest.
671 silly tarball no local data for @radix-ui/react-id@https://registry.npmjs.org/@radix-ui/react-id/-/react-id-1.1.4.tgz. Extracting by manifest.
672 silly tarball no local data for @radix-ui/react-focus-scope@https://registry.npmjs.org/@radix-ui/react-focus-scope/-/react-focus-scope-1.1.16.tgz. Extracting by manifest.
673 silly tarball no local data for @radix-ui/react-focus-guards@https://registry.npmjs.org/@radix-ui/react-focus-guards/-/react-focus-guards-1.1.6.tgz. Extracting by manifest.
674 silly tarball no local data for @radix-ui/react-hover-card@https://registry.npmjs.org/@radix-ui/react-hover-card/-/react-hover-card-1.1.23.tgz. Extracting by manifest.
675 silly tarball no local data for @radix-ui/react-dropdown-menu@https://registry.npmjs.org/@radix-ui/react-dropdown-menu/-/react-dropdown-menu-2.1.24.tgz. Extracting by manifest.
676 silly tarball no local data for @radix-ui/react-direction@https://registry.npmjs.org/@radix-ui/react-direction/-/react-direction-1.1.4.tgz. Extracting by manifest.
677 silly tarball no local data for @radix-ui/react-navigation-menu@https://registry.npmjs.org/@radix-ui/react-navigation-menu/-/react-navigation-menu-1.2.22.tgz. Extracting by manifest.
678 silly tarball no local data for @radix-ui/react-dismissable-layer@https://registry.npmjs.org/@radix-ui/react-dismissable-layer/-/react-dismissable-layer-1.1.19.tgz. Extracting by manifest.
679 silly tarball no local data for @radix-ui/react-dialog@https://registry.npmjs.org/@radix-ui/react-dialog/-/react-dialog-1.1.23.tgz. Extracting by manifest.
680 silly tarball no local data for @radix-ui/react-context-menu@https://registry.npmjs.org/@radix-ui/react-context-menu/-/react-context-menu-2.3.7.tgz. Extracting by manifest.
681 silly tarball no local data for @radix-ui/react-context@https://registry.npmjs.org/@radix-ui/react-context/-/react-context-1.2.2.tgz. Extracting by manifest.
682 silly tarball no local data for @radix-ui/react-collection@https://registry.npmjs.org/@radix-ui/react-collection/-/react-collection-1.1.15.tgz. Extracting by manifest.
683 silly tarball no local data for @radix-ui/react-checkbox@https://registry.npmjs.org/@radix-ui/react-checkbox/-/react-checkbox-1.3.11.tgz. Extracting by manifest.
684 silly tarball no local data for @radix-ui/react-collapsible@https://registry.npmjs.org/@radix-ui/react-collapsible/-/react-collapsible-1.1.20.tgz. Extracting by manifest.
685 silly tarball no local data for @radix-ui/react-aspect-ratio@https://registry.npmjs.org/@radix-ui/react-aspect-ratio/-/react-aspect-ratio-1.1.15.tgz. Extracting by manifest.
686 silly tarball no local data for @radix-ui/react-arrow@https://registry.npmjs.org/@radix-ui/react-arrow/-/react-arrow-1.1.15.tgz. Extracting by manifest.
687 silly tarball no local data for @radix-ui/react-avatar@https://registry.npmjs.org/@radix-ui/react-avatar/-/react-avatar-1.2.6.tgz. Extracting by manifest.
688 silly tarball no local data for @radix-ui/primitive@https://registry.npmjs.org/@radix-ui/primitive/-/primitive-1.1.7.tgz. Extracting by manifest.
689 silly tarball no local data for @radix-ui/react-alert-dialog@https://registry.npmjs.org/@radix-ui/react-alert-dialog/-/react-alert-dialog-1.1.23.tgz. Extracting by manifest.
690 silly tarball no local data for @radix-ui/react-accessible-icon@https://registry.npmjs.org/@radix-ui/react-accessible-icon/-/react-accessible-icon-1.1.15.tgz. Extracting by manifest.
691 silly tarball no local data for @radix-ui/react-accordion@https://registry.npmjs.org/@radix-ui/react-accordion/-/react-accordion-1.2.20.tgz. Extracting by manifest.
692 silly tarball no local data for @radix-ui/number@https://registry.npmjs.org/@radix-ui/number/-/number-1.1.3.tgz. Extracting by manifest.
693 silly tarball no local data for @oxc-project/types@https://registry.npmjs.org/@oxc-project/types/-/types-0.130.0.tgz. Extracting by manifest.
694 silly tarball no local data for @poppinss/exception@https://registry.npmjs.org/@poppinss/exception/-/exception-1.2.3.tgz. Extracting by manifest.
695 silly tarball no local data for @poppinss/colors@https://registry.npmjs.org/@poppinss/colors/-/colors-4.1.6.tgz. Extracting by manifest.
696 silly tarball no local data for @poppinss/dumper@https://registry.npmjs.org/@poppinss/dumper/-/dumper-0.6.5.tgz. Extracting by manifest.
697 silly tarball no local data for @next/eslint-plugin-next@https://registry.npmjs.org/@next/eslint-plugin-next/-/eslint-plugin-next-16.2.6.tgz. Extracting by manifest.
698 silly tarball no local data for @jridgewell/source-map@https://registry.npmjs.org/@jridgewell/source-map/-/source-map-0.3.11.tgz. Extracting by manifest.
699 silly tarball no local data for @hookform/resolvers@https://registry.npmjs.org/@hookform/resolvers/-/resolvers-5.7.1.tgz. Extracting by manifest.
700 silly tarball no local data for @next/env@https://registry.npmjs.org/@next/env/-/env-16.2.6.tgz. Extracting by manifest.
701 silly tarball no local data for @next/swc-win32-x64-msvc@https://registry.npmjs.org/@next/swc-win32-x64-msvc/-/swc-win32-x64-msvc-16.2.6.tgz. Extracting by manifest.
702 silly tarball no local data for @floating-ui/utils@https://registry.npmjs.org/@floating-ui/utils/-/utils-0.2.12.tgz. Extracting by manifest.
703 silly tarball no local data for @floating-ui/dom@https://registry.npmjs.org/@floating-ui/dom/-/dom-1.8.0.tgz. Extracting by manifest.
704 silly tarball no local data for @floating-ui/react-dom@https://registry.npmjs.org/@floating-ui/react-dom/-/react-dom-2.1.9.tgz. Extracting by manifest.
705 silly tarball no local data for @floating-ui/core@https://registry.npmjs.org/@floating-ui/core/-/core-1.8.0.tgz. Extracting by manifest.
706 silly tarball no local data for @drizzle-team/brocli@https://registry.npmjs.org/@drizzle-team/brocli/-/brocli-0.10.2.tgz. Extracting by manifest.
707 silly tarball no local data for @esbuild/win32-x64@https://registry.npmjs.org/@esbuild/win32-x64/-/win32-x64-0.28.0.tgz. Extracting by manifest.
708 silly tarball no local data for @esbuild-kit/esm-loader@https://registry.npmjs.org/@esbuild-kit/esm-loader/-/esm-loader-2.6.5.tgz. Extracting by manifest.
709 silly tarball no local data for @esbuild-kit/core-utils@https://registry.npmjs.org/@esbuild-kit/core-utils/-/core-utils-3.3.2.tgz. Extracting by manifest.
710 silly tarball no local data for @date-fns/tz@https://registry.npmjs.org/@date-fns/tz/-/tz-1.5.0.tgz. Extracting by manifest.
711 silly tarball no local data for @cspotcode/source-map-support@https://registry.npmjs.org/@cspotcode/source-map-support/-/source-map-support-0.8.1.tgz. Extracting by manifest.
712 silly tarball no local data for @cloudflare/vite-plugin@https://registry.npmjs.org/@cloudflare/vite-plugin/-/vite-plugin-1.37.1.tgz. Extracting by manifest.
713 silly tarball no local data for @cloudflare/workers-types@https://registry.npmjs.org/@cloudflare/workers-types/-/workers-types-4.20260515.1.tgz. Extracting by manifest.
714 silly tarball no local data for @cloudflare/workerd-windows-64@https://registry.npmjs.org/@cloudflare/workerd-windows-64/-/workerd-windows-64-1.20260515.1.tgz. Extracting by manifest.
715 silly tarball no local data for @cloudflare/kv-asset-handler@https://registry.npmjs.org/@cloudflare/kv-asset-handler/-/kv-asset-handler-0.5.0.tgz. Extracting by manifest.
716 silly tarball no local data for @base-ui/utils@https://registry.npmjs.org/@base-ui/utils/-/utils-0.3.2.tgz. Extracting by manifest.
717 silly tarball no local data for @base-ui/react@https://registry.npmjs.org/@base-ui/react/-/react-1.7.0.tgz. Extracting by manifest.
718 silly tarball no local data for @cloudflare/unenv-preset@https://registry.npmjs.org/@cloudflare/unenv-preset/-/unenv-preset-2.16.1.tgz. Extracting by manifest.
719 silly tarball no local data for @babel/runtime@https://registry.npmjs.org/@babel/runtime/-/runtime-7.29.7.tgz. Extracting by manifest.
720 silly tarball no local data for youch-core@https://registry.npmjs.org/youch-core/-/youch-core-0.3.3.tgz. Extracting by manifest.
721 silly tarball no local data for @babel/parser@https://registry.npmjs.org/@babel/parser/-/parser-7.29.3.tgz. Extracting by manifest.
722 silly tarball no local data for youch@https://registry.npmjs.org/youch/-/youch-4.1.0-beta.10.tgz. Extracting by manifest.
723 silly tarball no local data for yoga-layout@https://registry.npmjs.org/yoga-layout/-/yoga-layout-3.2.1.tgz. Extracting by manifest.
724 silly tarball no local data for ws@https://registry.npmjs.org/ws/-/ws-8.18.0.tgz. Extracting by manifest.
725 silly tarball no local data for workerd@https://registry.npmjs.org/workerd/-/workerd-1.20260515.1.tgz. Extracting by manifest.
726 silly tarball no local data for which@https://registry.npmjs.org/which/-/which-2.0.2.tgz. Extracting by manifest.
727 silly tarball no local data for wrangler@https://registry.npmjs.org/wrangler/-/wrangler-4.92.0.tgz. Extracting by manifest.
728 silly tarball no local data for webpack@https://registry.npmjs.org/webpack/-/webpack-5.106.2.tgz. Extracting by manifest.
729 silly tarball no local data for webpack-sources@https://registry.npmjs.org/webpack-sources/-/webpack-sources-3.4.1.tgz. Extracting by manifest.
730 silly tarball no local data for watchpack@https://registry.npmjs.org/watchpack/-/watchpack-2.5.1.tgz. Extracting by manifest.
731 silly tarball no local data for vitefu@https://registry.npmjs.org/vitefu/-/vitefu-1.1.3.tgz. Extracting by manifest.
732 silly tarball no local data for web-vitals@https://registry.npmjs.org/web-vitals/-/web-vitals-4.2.4.tgz. Extracting by manifest.
733 silly tarball no local data for vite-plugin-dynamic-import@https://registry.npmjs.org/vite-plugin-dynamic-import/-/vite-plugin-dynamic-import-1.6.0.tgz. Extracting by manifest.
734 silly tarball no local data for vite@https://registry.npmjs.org/vite/-/vite-8.0.13.tgz. Extracting by manifest.
735 silly tarball no local data for vite-plugin-commonjs@https://registry.npmjs.org/vite-plugin-commonjs/-/vite-plugin-commonjs-0.10.4.tgz. Extracting by manifest.
736 silly tarball no local data for vinext@https://registry.npmjs.org/vinext/-/vinext-1.0.0-beta.5.tgz. Extracting by manifest.
737 silly tarball no local data for victory-vendor@https://registry.npmjs.org/victory-vendor/-/victory-vendor-37.3.6.tgz. Extracting by manifest.
738 silly tarball no local data for update-browserslist-db@https://registry.npmjs.org/update-browserslist-db/-/update-browserslist-db-1.2.3.tgz. Extracting by manifest.
739 silly tarball no local data for unpic@https://registry.npmjs.org/unpic/-/unpic-4.2.2.tgz. Extracting by manifest.
740 silly tarball no local data for unenv@https://registry.npmjs.org/unenv/-/unenv-2.0.0-rc.24.tgz. Extracting by manifest.
741 silly tarball no local data for unicode-trie@https://registry.npmjs.org/unicode-trie/-/unicode-trie-2.0.0.tgz. Extracting by manifest.
742 silly tarball no local data for undici@https://registry.npmjs.org/undici/-/undici-7.24.8.tgz. Extracting by manifest.
743 silly tarball no local data for typescript-eslint@https://registry.npmjs.org/typescript-eslint/-/typescript-eslint-8.59.3.tgz. Extracting by manifest.
744 silly tarball no local data for typescript@https://registry.npmjs.org/typescript/-/typescript-5.9.3.tgz. Extracting by manifest.
745 silly tarball no local data for tw-animate-css@https://registry.npmjs.org/tw-animate-css/-/tw-animate-css-1.4.0.tgz. Extracting by manifest.
746 silly tarball no local data for turbo-stream@https://registry.npmjs.org/turbo-stream/-/turbo-stream-3.2.0.tgz. Extracting by manifest.
747 silly tarball no local data for tsx@https://registry.npmjs.org/tsx/-/tsx-4.22.1.tgz. Extracting by manifest.
748 silly tarball no local data for terser-webpack-plugin@https://registry.npmjs.org/terser-webpack-plugin/-/terser-webpack-plugin-5.6.0.tgz. Extracting by manifest.
749 silly tarball no local data for terser@https://registry.npmjs.org/terser/-/terser-5.47.1.tgz. Extracting by manifest.
750 silly tarball no local data for tiny-inflate@https://registry.npmjs.org/tiny-inflate/-/tiny-inflate-1.0.3.tgz. Extracting by manifest.
751 silly tarball no local data for tailwindcss@https://registry.npmjs.org/tailwindcss/-/tailwindcss-4.2.1.tgz. Extracting by manifest.
752 silly tarball no local data for strip-literal@https://registry.npmjs.org/strip-literal/-/strip-literal-3.1.0.tgz. Extracting by manifest.
753 silly tarball no local data for string.prototype.codepointat@https://registry.npmjs.org/string.prototype.codepointat/-/string.prototype.codepointat-0.2.1.tgz. Extracting by manifest.
754 silly tarball no local data for source-map-support@https://registry.npmjs.org/source-map-support/-/source-map-support-0.5.21.tgz. Extracting by manifest.
755 silly tarball no local data for srvx@https://registry.npmjs.org/srvx/-/srvx-0.11.15.tgz. Extracting by manifest.
756 silly tarball no local data for source-map@https://registry.npmjs.org/source-map/-/source-map-0.6.1.tgz. Extracting by manifest.
757 silly tarball no local data for sonner@https://registry.npmjs.org/sonner/-/sonner-2.0.8.tgz. Extracting by manifest.
758 silly tarball no local data for semver@https://registry.npmjs.org/semver/-/semver-6.3.1.tgz. Extracting by manifest.
759 silly tarball no local data for satori@https://registry.npmjs.org/satori/-/satori-0.16.0.tgz. Extracting by manifest.
760 silly tarball no local data for rolldown@https://registry.npmjs.org/rolldown/-/rolldown-1.0.1.tgz. Extracting by manifest.
761 silly tarball no local data for resolve@https://registry.npmjs.org/resolve/-/resolve-2.0.0-next.7.tgz. Extracting by manifest.
762 silly tarball no local data for schema-utils@https://registry.npmjs.org/schema-utils/-/schema-utils-4.3.3.tgz. Extracting by manifest.
763 silly tarball no local data for redux-thunk@https://registry.npmjs.org/redux-thunk/-/redux-thunk-3.1.0.tgz. Extracting by manifest.
764 silly tarball no local data for reselect@https://registry.npmjs.org/reselect/-/reselect-5.2.0.tgz. Extracting by manifest.
765 silly tarball no local data for recharts@https://registry.npmjs.org/recharts/-/recharts-3.8.0.tgz. Extracting by manifest.
766 silly tarball no local data for redux@https://registry.npmjs.org/redux/-/redux-5.0.1.tgz. Extracting by manifest.
767 silly tarball no local data for react-server-dom-webpack@https://registry.npmjs.org/react-server-dom-webpack/-/react-server-dom-webpack-19.2.6.tgz. Extracting by manifest.
768 silly tarball no local data for react-resizable-panels@https://registry.npmjs.org/react-resizable-panels/-/react-resizable-panels-4.12.2.tgz. Extracting by manifest.
769 silly tarball no local data for react-redux@https://registry.npmjs.org/react-redux/-/react-redux-9.3.0.tgz. Extracting by manifest.
770 silly tarball no local data for react-day-picker@https://registry.npmjs.org/react-day-picker/-/react-day-picker-10.0.1.tgz. Extracting by manifest.
771 silly tarball no local data for radix-ui@https://registry.npmjs.org/radix-ui/-/radix-ui-1.6.7.tgz. Extracting by manifest.
772 silly tarball no local data for react-hook-form@https://registry.npmjs.org/react-hook-form/-/react-hook-form-7.85.0.tgz. Extracting by manifest.
773 silly tarball no local data for path-to-regexp@https://registry.npmjs.org/path-to-regexp/-/path-to-regexp-6.3.0.tgz. Extracting by manifest.
774 silly tarball no local data for parse-css-color@https://registry.npmjs.org/parse-css-color/-/parse-css-color-0.2.1.tgz. Extracting by manifest.
775 silly tarball no local data for pako@https://registry.npmjs.org/pako/-/pako-0.2.9.tgz. Extracting by manifest.
776 silly tarball no local data for napi-postinstall@https://registry.npmjs.org/napi-postinstall/-/napi-postinstall-0.3.4.tgz. Extracting by manifest.
777 silly tarball no local data for next@https://registry.npmjs.org/next/-/next-16.2.6.tgz. Extracting by manifest.
778 silly tarball no local data for neo-async@https://registry.npmjs.org/neo-async/-/neo-async-2.6.2.tgz. Extracting by manifest.
779 silly tarball no local data for merge-stream@https://registry.npmjs.org/merge-stream/-/merge-stream-2.0.0.tgz. Extracting by manifest.
780 silly tarball no local data for nanoid@https://registry.npmjs.org/nanoid/-/nanoid-3.3.12.tgz. Extracting by manifest.
781 silly tarball no local data for lucide-react@https://registry.npmjs.org/lucide-react/-/lucide-react-1.31.0.tgz. Extracting by manifest.
782 silly tarball no local data for miniflare@https://registry.npmjs.org/miniflare/-/miniflare-4.20260515.0.tgz. Extracting by manifest.
783 silly tarball no local data for loose-envify@https://registry.npmjs.org/loose-envify/-/loose-envify-1.4.0.tgz. Extracting by manifest.
784 silly tarball no local data for loader-runner@https://registry.npmjs.org/loader-runner/-/loader-runner-4.3.2.tgz. Extracting by manifest.
785 silly tarball no local data for lightningcss-win32-x64-msvc@https://registry.npmjs.org/lightningcss-win32-x64-msvc/-/lightningcss-win32-x64-msvc-1.31.1.tgz. Extracting by manifest.
786 silly tarball no local data for linebreak@https://registry.npmjs.org/linebreak/-/linebreak-1.1.0.tgz. Extracting by manifest.
787 silly tarball no local data for kleur@https://registry.npmjs.org/kleur/-/kleur-4.1.5.tgz. Extracting by manifest.
788 silly tarball no local data for lightningcss@https://registry.npmjs.org/lightningcss/-/lightningcss-1.31.1.tgz. Extracting by manifest.
789 silly tarball no local data for json5@https://registry.npmjs.org/json5/-/json5-2.2.3.tgz. Extracting by manifest.
790 silly tarball no local data for jsesc@https://registry.npmjs.org/jsesc/-/jsesc-3.1.0.tgz. Extracting by manifest.
791 silly tarball no local data for jiti@https://registry.npmjs.org/jiti/-/jiti-2.7.0.tgz. Extracting by manifest.
792 silly tarball no local data for jest-worker@https://registry.npmjs.org/jest-worker/-/jest-worker-27.5.1.tgz. Extracting by manifest.
793 silly tarball no local data for is-core-module@https://registry.npmjs.org/is-core-module/-/is-core-module-2.16.2.tgz. Extracting by manifest.
794 silly tarball no local data for js-yaml@https://registry.npmjs.org/js-yaml/-/js-yaml-4.1.1.tgz. Extracting by manifest.
795 silly tarball no local data for immer@https://registry.npmjs.org/immer/-/immer-10.2.0.tgz. Extracting by manifest.
796 silly tarball no local data for image-size@https://registry.npmjs.org/image-size/-/image-size-2.0.2.tgz. Extracting by manifest.
797 silly tarball no local data for hex-rgb@https://registry.npmjs.org/hex-rgb/-/hex-rgb-4.3.0.tgz. Extracting by manifest.
798 silly tarball no local data for glob-to-regexp@https://registry.npmjs.org/glob-to-regexp/-/glob-to-regexp-0.4.1.tgz. Extracting by manifest.
799 silly tarball no local data for fflate@https://registry.npmjs.org/fflate/-/fflate-0.7.4.tgz. Extracting by manifest.
800 silly tarball no local data for events@https://registry.npmjs.org/events/-/events-3.3.0.tgz. Extracting by manifest.
801 silly tarball no local data for fast-uri@https://registry.npmjs.org/fast-uri/-/fast-uri-3.1.2.tgz. Extracting by manifest.
802 silly tarball no local data for eventemitter3@https://registry.npmjs.org/eventemitter3/-/eventemitter3-5.0.4.tgz. Extracting by manifest.
803 silly tarball no local data for eslint-config-next@https://registry.npmjs.org/eslint-config-next/-/eslint-config-next-16.2.6.tgz. Extracting by manifest.
804 silly tarball no local data for estree-walker@https://registry.npmjs.org/estree-walker/-/estree-walker-3.0.3.tgz. Extracting by manifest.
805 silly tarball no local data for eslint@https://registry.npmjs.org/eslint/-/eslint-9.39.4.tgz. Extracting by manifest.
806 silly tarball no local data for esbuild@https://registry.npmjs.org/esbuild/-/esbuild-0.28.0.tgz. Extracting by manifest.
807 silly tarball no local data for es-toolkit@https://registry.npmjs.org/es-toolkit/-/es-toolkit-1.50.0.tgz. Extracting by manifest.
808 silly tarball no local data for es-module-lexer@https://registry.npmjs.org/es-module-lexer/-/es-module-lexer-2.1.0.tgz. Extracting by manifest.
809 silly tarball no local data for error-stack-parser-es@https://registry.npmjs.org/error-stack-parser-es/-/error-stack-parser-es-1.0.5.tgz. Extracting by manifest.
810 silly tarball no local data for emoji-regex-xs@https://registry.npmjs.org/emoji-regex-xs/-/emoji-regex-xs-2.0.1.tgz. Extracting by manifest.
811 silly tarball no local data for electron-to-chromium@https://registry.npmjs.org/electron-to-chromium/-/electron-to-chromium-1.5.358.tgz. Extracting by manifest.
812 silly tarball no local data for drizzle-orm@https://registry.npmjs.org/drizzle-orm/-/drizzle-orm-0.45.2.tgz. Extracting by manifest.
813 silly tarball no local data for date-fns@https://registry.npmjs.org/date-fns/-/date-fns-4.4.0.tgz. Extracting by manifest.
814 silly tarball no local data for css-gradient-parser@https://registry.npmjs.org/css-gradient-parser/-/css-gradient-parser-0.0.16.tgz. Extracting by manifest.
815 silly tarball no local data for css-box-shadow@https://registry.npmjs.org/css-box-shadow/-/css-box-shadow-1.0.0-3.tgz. Extracting by manifest.
816 silly tarball no local data for drizzle-kit@https://registry.npmjs.org/drizzle-kit/-/drizzle-kit-0.31.10.tgz. Extracting by manifest.
817 silly tarball no local data for css-color-keywords@https://registry.npmjs.org/css-color-keywords/-/css-color-keywords-1.0.0.tgz. Extracting by manifest.
818 silly tarball no local data for css-background-parser@https://registry.npmjs.org/css-background-parser/-/css-background-parser-0.1.0.tgz. Extracting by manifest.
819 silly tarball no local data for commander@https://registry.npmjs.org/commander/-/commander-2.20.3.tgz. Extracting by manifest.
820 silly tarball no local data for chrome-trace-event@https://registry.npmjs.org/chrome-trace-event/-/chrome-trace-event-1.0.4.tgz. Extracting by manifest.
821 silly tarball no local data for caniuse-lite@https://registry.npmjs.org/caniuse-lite/-/caniuse-lite-1.0.30001793.tgz. Extracting by manifest.
822 silly tarball no local data for camelize@https://registry.npmjs.org/camelize/-/camelize-1.0.1.tgz. Extracting by manifest.
823 silly tarball no local data for buffer-from@https://registry.npmjs.org/buffer-from/-/buffer-from-1.1.2.tgz. Extracting by manifest.
824 silly tarball no local data for css-to-react-native@https://registry.npmjs.org/css-to-react-native/-/css-to-react-native-3.2.0.tgz. Extracting by manifest.
825 silly tarball no local data for browserslist@https://registry.npmjs.org/browserslist/-/browserslist-4.28.2.tgz. Extracting by manifest.
826 silly tarball no local data for blake3-wasm@https://registry.npmjs.org/blake3-wasm/-/blake3-wasm-2.1.5.tgz. Extracting by manifest.
827 silly tarball no local data for base64-js@https://registry.npmjs.org/base64-js/-/base64-js-0.0.8.tgz. Extracting by manifest.
828 silly tarball no local data for baseline-browser-mapping@https://registry.npmjs.org/baseline-browser-mapping/-/baseline-browser-mapping-2.10.30.tgz. Extracting by manifest.
829 silly tarball no local data for acorn-loose@https://registry.npmjs.org/acorn-loose/-/acorn-loose-8.5.2.tgz. Extracting by manifest.
830 silly tarball no local data for axe-core@https://registry.npmjs.org/axe-core/-/axe-core-4.11.4.tgz. Extracting by manifest.
831 silly tarball no local data for acorn@https://registry.npmjs.org/acorn/-/acorn-8.16.0.tgz. Extracting by manifest.
832 silly tarball no local data for acorn-import-phases@https://registry.npmjs.org/acorn-import-phases/-/acorn-import-phases-1.0.4.tgz. Extracting by manifest.
833 silly tarball no local data for json5@https://registry.npmjs.org/json5/-/json5-1.0.2.tgz. Extracting by manifest.
834 silly tarball no local data for semver@https://registry.npmjs.org/semver/-/semver-7.8.0.tgz. Extracting by manifest.
835 silly tarball no local data for semver@https://registry.npmjs.org/semver/-/semver-7.8.0.tgz. Extracting by manifest.
836 silly tarball no local data for eslint-visitor-keys@https://registry.npmjs.org/eslint-visitor-keys/-/eslint-visitor-keys-5.0.1.tgz. Extracting by manifest.
837 silly tarball no local data for @rolldown/pluginutils@https://registry.npmjs.org/@rolldown/pluginutils/-/pluginutils-1.0.0-rc.18.tgz. Extracting by manifest.
838 silly tarball no local data for minimatch@https://registry.npmjs.org/minimatch/-/minimatch-10.2.5.tgz. Extracting by manifest.
839 silly tarball no local data for ignore@https://registry.npmjs.org/ignore/-/ignore-7.0.5.tgz. Extracting by manifest.
840 silly tarball no local data for balanced-match@https://registry.npmjs.org/balanced-match/-/balanced-match-4.0.4.tgz. Extracting by manifest.
841 silly tarball no local data for semver@https://registry.npmjs.org/semver/-/semver-7.8.0.tgz. Extracting by manifest.
842 silly tarball no local data for brace-expansion@https://registry.npmjs.org/brace-expansion/-/brace-expansion-5.0.6.tgz. Extracting by manifest.
843 silly tarball no local data for immer@https://registry.npmjs.org/immer/-/immer-11.1.16.tgz. Extracting by manifest.
844 silly tarball no local data for @radix-ui/react-slot@https://registry.npmjs.org/@radix-ui/react-slot/-/react-slot-1.3.3.tgz. Extracting by manifest.
845 silly tarball no local data for @radix-ui/react-compose-refs@https://registry.npmjs.org/@radix-ui/react-compose-refs/-/react-compose-refs-1.1.5.tgz. Extracting by manifest.
846 silly tarball no local data for @radix-ui/react-slot@https://registry.npmjs.org/@radix-ui/react-slot/-/react-slot-1.3.3.tgz. Extracting by manifest.
847 silly tarball no local data for @radix-ui/react-compose-refs@https://registry.npmjs.org/@radix-ui/react-compose-refs/-/react-compose-refs-1.1.5.tgz. Extracting by manifest.
848 silly tarball no local data for @radix-ui/react-compose-refs@https://registry.npmjs.org/@radix-ui/react-compose-refs/-/react-compose-refs-1.1.5.tgz. Extracting by manifest.
849 silly tarball no local data for @radix-ui/react-compose-refs@https://registry.npmjs.org/@radix-ui/react-compose-refs/-/react-compose-refs-1.1.5.tgz. Extracting by manifest.
850 silly tarball no local data for @radix-ui/react-compose-refs@https://registry.npmjs.org/@radix-ui/react-compose-refs/-/react-compose-refs-1.1.5.tgz. Extracting by manifest.
851 silly tarball no local data for @radix-ui/react-compose-refs@https://registry.npmjs.org/@radix-ui/react-compose-refs/-/react-compose-refs-1.1.5.tgz. Extracting by manifest.
852 silly tarball no local data for @radix-ui/react-slot@https://registry.npmjs.org/@radix-ui/react-slot/-/react-slot-1.3.3.tgz. Extracting by manifest.
853 silly tarball no local data for @radix-ui/react-compose-refs@https://registry.npmjs.org/@radix-ui/react-compose-refs/-/react-compose-refs-1.1.5.tgz. Extracting by manifest.
854 silly tarball no local data for @radix-ui/react-compose-refs@https://registry.npmjs.org/@radix-ui/react-compose-refs/-/react-compose-refs-1.1.5.tgz. Extracting by manifest.
855 silly tarball no local data for @radix-ui/react-compose-refs@https://registry.npmjs.org/@radix-ui/react-compose-refs/-/react-compose-refs-1.1.5.tgz. Extracting by manifest.
856 silly tarball no local data for @radix-ui/react-compose-refs@https://registry.npmjs.org/@radix-ui/react-compose-refs/-/react-compose-refs-1.1.5.tgz. Extracting by manifest.
857 silly tarball no local data for @radix-ui/react-compose-refs@https://registry.npmjs.org/@radix-ui/react-compose-refs/-/react-compose-refs-1.1.5.tgz. Extracting by manifest.
858 silly tarball no local data for @radix-ui/react-compose-refs@https://registry.npmjs.org/@radix-ui/react-compose-refs/-/react-compose-refs-1.1.5.tgz. Extracting by manifest.
859 silly tarball no local data for @radix-ui/react-slot@https://registry.npmjs.org/@radix-ui/react-slot/-/react-slot-1.3.3.tgz. Extracting by manifest.
860 silly tarball no local data for @radix-ui/react-compose-refs@https://registry.npmjs.org/@radix-ui/react-compose-refs/-/react-compose-refs-1.1.5.tgz. Extracting by manifest.
861 silly tarball no local data for @radix-ui/react-compose-refs@https://registry.npmjs.org/@radix-ui/react-compose-refs/-/react-compose-refs-1.1.5.tgz. Extracting by manifest.
862 silly tarball no local data for @radix-ui/react-compose-refs@https://registry.npmjs.org/@radix-ui/react-compose-refs/-/react-compose-refs-1.1.5.tgz. Extracting by manifest.
863 silly tarball no local data for @radix-ui/react-slot@https://registry.npmjs.org/@radix-ui/react-slot/-/react-slot-1.3.3.tgz. Extracting by manifest.
864 silly tarball no local data for @radix-ui/react-compose-refs@https://registry.npmjs.org/@radix-ui/react-compose-refs/-/react-compose-refs-1.1.5.tgz. Extracting by manifest.
865 silly tarball no local data for @radix-ui/react-compose-refs@https://registry.npmjs.org/@radix-ui/react-compose-refs/-/react-compose-refs-1.1.5.tgz. Extracting by manifest.
866 silly tarball no local data for @radix-ui/react-compose-refs@https://registry.npmjs.org/@radix-ui/react-compose-refs/-/react-compose-refs-1.1.5.tgz. Extracting by manifest.
867 silly tarball no local data for @radix-ui/react-compose-refs@https://registry.npmjs.org/@radix-ui/react-compose-refs/-/react-compose-refs-1.1.5.tgz. Extracting by manifest.
868 silly tarball no local data for @radix-ui/react-compose-refs@https://registry.npmjs.org/@radix-ui/react-compose-refs/-/react-compose-refs-1.1.5.tgz. Extracting by manifest.
869 silly tarball no local data for @radix-ui/react-compose-refs@https://registry.npmjs.org/@radix-ui/react-compose-refs/-/react-compose-refs-1.1.5.tgz. Extracting by manifest.
870 silly tarball no local data for @radix-ui/react-slot@https://registry.npmjs.org/@radix-ui/react-slot/-/react-slot-1.3.3.tgz. Extracting by manifest.
871 silly tarball no local data for @radix-ui/react-compose-refs@https://registry.npmjs.org/@radix-ui/react-compose-refs/-/react-compose-refs-1.1.5.tgz. Extracting by manifest.
872 silly tarball no local data for @radix-ui/react-compose-refs@https://registry.npmjs.org/@radix-ui/react-compose-refs/-/react-compose-refs-1.1.5.tgz. Extracting by manifest.
873 silly tarball no local data for @radix-ui/react-compose-refs@https://registry.npmjs.org/@radix-ui/react-compose-refs/-/react-compose-refs-1.1.5.tgz. Extracting by manifest.
874 silly tarball no local data for @radix-ui/react-compose-refs@https://registry.npmjs.org/@radix-ui/react-compose-refs/-/react-compose-refs-1.1.5.tgz. Extracting by manifest.
875 silly tarball no local data for @radix-ui/react-slot@https://registry.npmjs.org/@radix-ui/react-slot/-/react-slot-1.3.3.tgz. Extracting by manifest.
876 silly tarball no local data for @radix-ui/react-compose-refs@https://registry.npmjs.org/@radix-ui/react-compose-refs/-/react-compose-refs-1.1.5.tgz. Extracting by manifest.
877 silly tarball no local data for @radix-ui/react-compose-refs@https://registry.npmjs.org/@radix-ui/react-compose-refs/-/react-compose-refs-1.1.5.tgz. Extracting by manifest.
878 silly tarball no local data for supports-color@https://registry.npmjs.org/supports-color/-/supports-color-10.2.2.tgz. Extracting by manifest.
879 silly tarball no local data for @esbuild/win32-x64@https://registry.npmjs.org/@esbuild/win32-x64/-/win32-x64-0.18.20.tgz. Extracting by manifest.
880 silly tarball no local data for @jridgewell/trace-mapping@https://registry.npmjs.org/@jridgewell/trace-mapping/-/trace-mapping-0.3.9.tgz. Extracting by manifest.
881 silly tarball no local data for esbuild@https://registry.npmjs.org/esbuild/-/esbuild-0.18.20.tgz. Extracting by manifest.
882 silly tarball no local data for @esbuild/win32-x64@https://registry.npmjs.org/@esbuild/win32-x64/-/win32-x64-0.27.3.tgz. Extracting by manifest.
883 silly tarball no local data for esbuild@https://registry.npmjs.org/esbuild/-/esbuild-0.27.3.tgz. Extracting by manifest.
884 silly tarball no local data for estraverse@https://registry.npmjs.org/estraverse/-/estraverse-4.3.0.tgz. Extracting by manifest.
885 silly tarball no local data for glob-parent@https://registry.npmjs.org/glob-parent/-/glob-parent-5.1.2.tgz. Extracting by manifest.
886 silly tarball no local data for eslint-scope@https://registry.npmjs.org/eslint-scope/-/eslint-scope-5.1.1.tgz. Extracting by manifest.
887 silly tarball no local data for fast-glob@https://registry.npmjs.org/fast-glob/-/fast-glob-3.3.3.tgz. Extracting by manifest.
888 silly tarball no local data for picomatch@https://registry.npmjs.org/picomatch/-/picomatch-4.0.4.tgz. Extracting by manifest.
889 silly tarball no local data for es-module-lexer@https://registry.npmjs.org/es-module-lexer/-/es-module-lexer-1.7.0.tgz. Extracting by manifest.
890 silly tarball no local data for js-tokens@https://registry.npmjs.org/js-tokens/-/js-tokens-9.0.1.tgz. Extracting by manifest.
891 silly tarball no local data for lightningcss-win32-x64-msvc@https://registry.npmjs.org/lightningcss-win32-x64-msvc/-/lightningcss-win32-x64-msvc-1.32.0.tgz. Extracting by manifest.
892 silly tarball no local data for ajv-keywords@https://registry.npmjs.org/ajv-keywords/-/ajv-keywords-5.1.0.tgz. Extracting by manifest.
893 silly tarball no local data for lightningcss@https://registry.npmjs.org/lightningcss/-/lightningcss-1.32.0.tgz. Extracting by manifest.
894 silly tarball no local data for postcss@https://registry.npmjs.org/postcss/-/postcss-8.4.31.tgz. Extracting by manifest.
895 silly tarball no local data for reselect@https://registry.npmjs.org/reselect/-/reselect-5.1.1.tgz. Extracting by manifest.
896 silly tarball no local data for supports-color@https://registry.npmjs.org/supports-color/-/supports-color-8.1.1.tgz. Extracting by manifest.
897 silly tarball no local data for globals@https://registry.npmjs.org/globals/-/globals-16.4.0.tgz. Extracting by manifest.
898 silly tarball no local data for @radix-ui/react-compose-refs@https://registry.npmjs.org/@radix-ui/react-compose-refs/-/react-compose-refs-1.1.5.tgz. Extracting by manifest.
899 silly tarball no local data for @radix-ui/react-slot@https://registry.npmjs.org/@radix-ui/react-slot/-/react-slot-1.3.3.tgz. Extracting by manifest.
900 silly tarball no local data for esbuild@https://registry.npmjs.org/esbuild/-/esbuild-0.25.12.tgz. Extracting by manifest.
901 silly tarball no local data for ajv@https://registry.npmjs.org/ajv/-/ajv-6.15.0.tgz. Extracting by manifest.
902 silly tarball no local data for json-schema-traverse@https://registry.npmjs.org/json-schema-traverse/-/json-schema-traverse-0.4.1.tgz. Extracting by manifest.
903 silly tarball no local data for @esbuild/win32-x64@https://registry.npmjs.org/@esbuild/win32-x64/-/win32-x64-0.25.12.tgz. Extracting by manifest.
904 http fetch GET 200 https://registry.npmjs.org/@webassemblyjs/wast-printer/-/wast-printer-1.14.1.tgz 4920ms (cache miss)
905 http fetch GET 200 https://registry.npmjs.org/@webassemblyjs/wasm-opt/-/wasm-opt-1.14.1.tgz 4940ms (cache miss)
906 http fetch GET 200 https://registry.npmjs.org/@webassemblyjs/wasm-parser/-/wasm-parser-1.14.1.tgz 5000ms (cache miss)
907 http fetch GET 200 https://registry.npmjs.org/@xtuc/long/-/long-4.2.2.tgz 5302ms (cache miss)
908 http fetch GET 200 https://registry.npmjs.org/@xtuc/ieee754/-/ieee754-1.2.0.tgz 5530ms (cache miss)
909 http fetch GET 200 https://registry.npmjs.org/@webassemblyjs/helper-api-error/-/helper-api-error-1.13.2.tgz 5555ms (cache miss)
910 http fetch GET 200 https://registry.npmjs.org/@vitejs/plugin-react/-/plugin-react-6.0.2.tgz 5751ms (cache miss)
911 http fetch GET 200 https://registry.npmjs.org/@webassemblyjs/helper-numbers/-/helper-numbers-1.13.2.tgz 6177ms (cache miss)
912 http fetch GET 200 https://registry.npmjs.org/@webassemblyjs/ast/-/ast-1.14.1.tgz 6326ms (cache miss)
913 http fetch GET 200 https://registry.npmjs.org/@webassemblyjs/leb128/-/leb128-1.13.2.tgz 6682ms (cache miss)
914 http fetch GET 200 https://registry.npmjs.org/@webassemblyjs/wasm-gen/-/wasm-gen-1.14.1.tgz 6741ms (cache miss)
915 http fetch GET 200 https://registry.npmjs.org/@webassemblyjs/helper-wasm-section/-/helper-wasm-section-1.14.1.tgz 6941ms (cache miss)
916 http fetch GET 200 https://registry.npmjs.org/@webassemblyjs/utf8/-/utf8-1.13.2.tgz 7068ms (cache miss)
917 http fetch GET 200 https://registry.npmjs.org/@webassemblyjs/floating-point-hex-parser/-/floating-point-hex-parser-1.13.2.tgz 7278ms (cache miss)
918 http fetch GET 200 https://registry.npmjs.org/@unpic/react/-/react-1.0.2.tgz 7661ms (cache miss)
919 http fetch GET 200 https://registry.npmjs.org/@webassemblyjs/wasm-edit/-/wasm-edit-1.14.1.tgz 7927ms (cache miss)
920 http fetch GET 200 https://registry.npmjs.org/@typescript-eslint/visitor-keys/-/visitor-keys-8.59.3.tgz 7956ms (cache miss)
921 http fetch GET 200 https://registry.npmjs.org/@webassemblyjs/helper-wasm-bytecode/-/helper-wasm-bytecode-1.13.2.tgz 8145ms (cache miss)
922 http fetch GET 200 https://registry.npmjs.org/@webassemblyjs/ieee754/-/ieee754-1.13.2.tgz 8183ms (cache miss)
923 http fetch GET 200 https://registry.npmjs.org/@typescript-eslint/type-utils/-/type-utils-8.59.3.tgz 8312ms (cache miss)
924 http fetch GET 200 https://registry.npmjs.org/@unpic/core/-/core-1.0.3.tgz 8337ms (cache miss)
925 http fetch GET 200 https://registry.npmjs.org/@typescript-eslint/types/-/types-8.59.3.tgz 8422ms (cache miss)
926 http fetch GET 200 https://registry.npmjs.org/@typescript-eslint/parser/-/parser-8.59.3.tgz 8529ms (cache miss)
927 http fetch GET 200 https://registry.npmjs.org/@webassemblyjs/helper-buffer/-/helper-buffer-1.14.1.tgz 8551ms (cache miss)
928 http fetch GET 200 https://registry.npmjs.org/@typescript-eslint/utils/-/utils-8.59.3.tgz 8868ms (cache miss)
929 http fetch GET 200 https://registry.npmjs.org/@typescript-eslint/tsconfig-utils/-/tsconfig-utils-8.59.3.tgz 9250ms (cache miss)
930 http fetch GET 200 https://registry.npmjs.org/@typescript-eslint/project-service/-/project-service-8.59.3.tgz 9273ms (cache miss)
931 http fetch GET 200 https://registry.npmjs.org/@types/use-sync-external-store/-/use-sync-external-store-0.0.6.tgz 9601ms (cache miss)
932 http fetch GET 200 https://registry.npmjs.org/@types/eslint-scope/-/eslint-scope-3.7.7.tgz 9810ms (cache miss)
933 http fetch GET 200 https://registry.npmjs.org/@tailwindcss/oxide/-/oxide-4.2.1.tgz 11020ms (cache miss)
934 http fetch GET 200 https://registry.npmjs.org/@tailwindcss/postcss/-/postcss-4.2.1.tgz 11185ms (cache miss)
935 http fetch GET 200 https://registry.npmjs.org/@types/eslint/-/eslint-9.6.1.tgz 11256ms (cache miss)
936 http fetch GET 200 https://registry.npmjs.org/@standard-schema/utils/-/utils-0.3.0.tgz 11342ms (cache miss)
937 http fetch GET 200 https://registry.npmjs.org/@typescript-eslint/scope-manager/-/scope-manager-8.59.3.tgz 11841ms (cache miss)
938 http fetch GET 200 https://registry.npmjs.org/@typescript-eslint/typescript-estree/-/typescript-estree-8.59.3.tgz 12186ms (cache miss)
939 http fetch GET 200 https://registry.npmjs.org/@tailwindcss/node/-/node-4.2.1.tgz 12280ms (cache miss)
940 http fetch GET 200 https://registry.npmjs.org/@shadcn/react/-/react-0.3.0.tgz 12305ms (cache miss)
941 http fetch GET 200 https://registry.npmjs.org/@sindresorhus/is/-/is-7.2.0.tgz 12338ms (cache miss)
942 http fetch GET 200 https://registry.npmjs.org/@rolldown/pluginutils/-/pluginutils-1.0.1.tgz 12379ms (cache miss)
943 http fetch GET 200 https://registry.npmjs.org/@radix-ui/rect/-/rect-1.1.3.tgz 13586ms (cache miss)
944 http fetch GET 200 https://registry.npmjs.org/@radix-ui/react-visually-hidden/-/react-visually-hidden-1.2.11.tgz 13619ms (cache miss)
945 http fetch GET 200 https://registry.npmjs.org/@radix-ui/react-use-size/-/react-use-size-1.1.4.tgz 13633ms (cache miss)
946 http fetch GET 200 https://registry.npmjs.org/@radix-ui/react-use-rect/-/react-use-rect-1.1.4.tgz 13689ms (cache miss)
947 http fetch GET 200 https://registry.npmjs.org/@vitejs/plugin-rsc/-/plugin-rsc-0.5.26.tgz 13804ms (cache miss)
948 http fetch GET 200 https://registry.npmjs.org/@speed-highlight/core/-/core-1.2.15.tgz 13837ms (cache miss)
949 http fetch GET 200 https://registry.npmjs.org/@radix-ui/react-use-previous/-/react-use-previous-1.1.4.tgz 14570ms (cache miss)
950 http fetch GET 200 https://registry.npmjs.org/@radix-ui/react-use-layout-effect/-/react-use-layout-effect-1.1.4.tgz 14588ms (cache miss)
951 http fetch GET 200 https://registry.npmjs.org/@radix-ui/react-use-escape-keydown/-/react-use-escape-keydown-1.1.5.tgz 14708ms (cache miss)
952 http fetch GET 200 https://registry.npmjs.org/@radix-ui/react-use-callback-ref/-/react-use-callback-ref-1.1.4.tgz 14720ms (cache miss)
953 http fetch GET 200 https://registry.npmjs.org/@radix-ui/react-use-is-hydrated/-/react-use-is-hydrated-0.1.3.tgz 14727ms (cache miss)
954 http fetch GET 200 https://registry.npmjs.org/@tybys/wasm-util/-/wasm-util-0.10.2.tgz 15234ms (cache miss)
955 http fetch GET 200 https://registry.npmjs.org/@radix-ui/react-use-effect-event/-/react-use-effect-event-0.0.5.tgz 15674ms (cache miss)
956 http fetch GET 200 https://registry.npmjs.org/@radix-ui/react-use-controllable-state/-/react-use-controllable-state-1.2.6.tgz 15825ms (cache miss)
957 http fetch GET 200 https://registry.npmjs.org/@radix-ui/react-toolbar/-/react-toolbar-1.1.19.tgz 15832ms (cache miss)
958 http fetch GET 200 https://registry.npmjs.org/@radix-ui/react-toggle/-/react-toggle-1.1.18.tgz 15835ms (cache miss)
959 http fetch GET 200 https://registry.npmjs.org/@radix-ui/react-toggle-group/-/react-toggle-group-1.1.19.tgz 15883ms (cache miss)
960 http fetch GET 200 https://registry.npmjs.org/@vinext/types/-/types-1.0.0-beta.2.tgz 16131ms (cache miss)
961 http fetch GET 200 https://registry.npmjs.org/@radix-ui/react-tooltip/-/react-tooltip-1.2.16.tgz 16499ms (cache miss)
962 http fetch GET 200 https://registry.npmjs.org/@radix-ui/react-switch/-/react-switch-1.3.7.tgz 16838ms (cache miss)
963 http fetch GET 200 https://registry.npmjs.org/@radix-ui/react-tabs/-/react-tabs-1.1.21.tgz 16985ms (cache miss)
964 http fetch GET 200 https://registry.npmjs.org/@radix-ui/react-separator/-/react-separator-1.1.15.tgz 17153ms (cache miss)
965 http fetch GET 200 https://registry.npmjs.org/@radix-ui/react-roving-focus/-/react-roving-focus-1.1.19.tgz 17754ms (cache miss)
966 http fetch GET 200 https://registry.npmjs.org/@radix-ui/react-toast/-/react-toast-1.2.23.tgz 17796ms (cache miss)
967 http fetch GET 200 https://registry.npmjs.org/@radix-ui/react-scroll-area/-/react-scroll-area-1.2.18.tgz 18164ms (cache miss)
968 http fetch GET 200 https://registry.npmjs.org/@radix-ui/react-slider/-/react-slider-1.4.7.tgz 18254ms (cache miss)
969 http fetch GET 200 https://registry.npmjs.org/@radix-ui/react-progress/-/react-progress-1.1.16.tgz 18497ms (cache miss)
970 http fetch GET 200 https://registry.npmjs.org/@radix-ui/react-select/-/react-select-2.3.7.tgz 18540ms (cache miss)
971 http fetch GET 200 https://registry.npmjs.org/@radix-ui/react-radio-group/-/react-radio-group-1.4.7.tgz 18698ms (cache miss)
972 http fetch GET 200 https://registry.npmjs.org/@radix-ui/react-presence/-/react-presence-1.1.10.tgz 18862ms (cache miss)
973 http fetch GET 200 https://registry.npmjs.org/@radix-ui/react-primitive/-/react-primitive-2.1.10.tgz 19241ms (cache miss)
974 http fetch GET 200 https://registry.npmjs.org/@radix-ui/react-popper/-/react-popper-1.3.7.tgz 19482ms (cache miss)
975 http fetch GET 200 https://registry.npmjs.org/@radix-ui/react-portal/-/react-portal-1.1.17.tgz 19929ms (cache miss)
976 http fetch GET 200 https://registry.npmjs.org/@radix-ui/react-popover/-/react-popover-1.1.23.tgz 20190ms (cache miss)
977 http fetch GET 200 https://registry.npmjs.org/@radix-ui/react-label/-/react-label-2.1.15.tgz 21133ms (cache miss)
978 http fetch GET 200 https://registry.npmjs.org/@radix-ui/react-menubar/-/react-menubar-1.1.24.tgz 21452ms (cache miss)
979 http fetch GET 200 https://registry.npmjs.org/@radix-ui/react-form/-/react-form-0.1.16.tgz 21605ms (cache miss)
980 http fetch GET 200 https://registry.npmjs.org/@radix-ui/react-id/-/react-id-1.1.4.tgz 21829ms (cache miss)
981 http fetch GET 200 https://registry.npmjs.org/@radix-ui/react-password-toggle-field/-/react-password-toggle-field-0.1.11.tgz 22296ms (cache miss)
982 http fetch GET 200 https://registry.npmjs.org/@radix-ui/react-menu/-/react-menu-2.1.24.tgz 22447ms (cache miss)
983 http fetch GET 200 https://registry.npmjs.org/@radix-ui/react-one-time-password-field/-/react-one-time-password-field-0.1.16.tgz 22463ms (cache miss)
984 http fetch GET 200 https://registry.npmjs.org/@radix-ui/react-focus-guards/-/react-focus-guards-1.1.6.tgz 22741ms (cache miss)
985 http fetch GET 200 https://registry.npmjs.org/@radix-ui/react-dropdown-menu/-/react-dropdown-menu-2.1.24.tgz 23200ms (cache miss)
986 http fetch GET 200 https://registry.npmjs.org/@radix-ui/react-hover-card/-/react-hover-card-1.1.23.tgz 23215ms (cache miss)
987 http fetch GET 200 https://registry.npmjs.org/@radix-ui/react-direction/-/react-direction-1.1.4.tgz 23296ms (cache miss)
988 http fetch GET 200 https://registry.npmjs.org/@radix-ui/react-focus-scope/-/react-focus-scope-1.1.16.tgz 23439ms (cache miss)
989 http fetch GET 200 https://registry.npmjs.org/@radix-ui/react-dialog/-/react-dialog-1.1.23.tgz 23832ms (cache miss)
990 http fetch GET 200 https://registry.npmjs.org/@radix-ui/react-navigation-menu/-/react-navigation-menu-1.2.22.tgz 23912ms (cache miss)
991 http fetch GET 200 https://registry.npmjs.org/@radix-ui/react-dismissable-layer/-/react-dismissable-layer-1.1.19.tgz 23975ms (cache miss)
992 http fetch GET 200 https://registry.npmjs.org/@radix-ui/react-context-menu/-/react-context-menu-2.3.7.tgz 24191ms (cache miss)
993 http fetch GET 200 https://registry.npmjs.org/@radix-ui/react-context/-/react-context-1.2.2.tgz 24897ms (cache miss)
994 http fetch GET 200 https://registry.npmjs.org/@radix-ui/react-checkbox/-/react-checkbox-1.3.11.tgz 25041ms (cache miss)
995 http fetch GET 200 https://registry.npmjs.org/@radix-ui/react-collapsible/-/react-collapsible-1.1.20.tgz 25055ms (cache miss)
996 http fetch GET 200 https://registry.npmjs.org/@radix-ui/react-aspect-ratio/-/react-aspect-ratio-1.1.15.tgz 25552ms (cache miss)
997 http fetch GET 200 https://registry.npmjs.org/@radix-ui/react-arrow/-/react-arrow-1.1.15.tgz 25607ms (cache miss)
998 http fetch GET 200 https://registry.npmjs.org/@radix-ui/react-collection/-/react-collection-1.1.15.tgz 25752ms (cache miss)
999 http fetch GET 200 https://registry.npmjs.org/@radix-ui/react-avatar/-/react-avatar-1.2.6.tgz 25913ms (cache miss)
1000 http fetch GET 200 https://registry.npmjs.org/@radix-ui/react-accessible-icon/-/react-accessible-icon-1.1.15.tgz 26910ms (cache miss)
1001 http fetch GET 200 https://registry.npmjs.org/@radix-ui/react-alert-dialog/-/react-alert-dialog-1.1.23.tgz 26920ms (cache miss)
1002 http fetch GET 200 https://registry.npmjs.org/@radix-ui/number/-/number-1.1.3.tgz 27447ms (cache miss)
1003 http fetch GET 200 https://registry.npmjs.org/@oxc-project/types/-/types-0.130.0.tgz 27493ms (cache miss)
1004 http fetch GET 200 https://registry.npmjs.org/@shuding/opentype.js/-/opentype.js-1.4.0-beta.0.tgz 28158ms (cache miss)
1005 http fetch GET 200 https://registry.npmjs.org/@poppinss/dumper/-/dumper-0.6.5.tgz 28440ms (cache miss)
1006 http fetch GET 200 https://registry.npmjs.org/@jridgewell/source-map/-/source-map-0.3.11.tgz 28452ms (cache miss)
1007 http fetch GET 200 https://registry.npmjs.org/@next/eslint-plugin-next/-/eslint-plugin-next-16.2.6.tgz 28472ms (cache miss)
1008 http fetch GET 200 https://registry.npmjs.org/@poppinss/colors/-/colors-4.1.6.tgz 28509ms (cache miss)
1009 http fetch GET 200 https://registry.npmjs.org/@floating-ui/utils/-/utils-0.2.12.tgz 28989ms (cache miss)
1010 http fetch GET 200 https://registry.npmjs.org/@next/env/-/env-16.2.6.tgz 29217ms (cache miss)
1011 http fetch GET 200 https://registry.npmjs.org/@floating-ui/dom/-/dom-1.8.0.tgz 29645ms (cache miss)
1012 http fetch GET 200 https://registry.npmjs.org/@floating-ui/react-dom/-/react-dom-2.1.9.tgz 29782ms (cache miss)
1013 http fetch GET 200 https://registry.npmjs.org/@radix-ui/primitive/-/primitive-1.1.7.tgz 29821ms (cache miss)
1014 http fetch GET 200 https://registry.npmjs.org/@hookform/resolvers/-/resolvers-5.7.1.tgz 29862ms (cache miss)
1015 http fetch GET 200 https://registry.npmjs.org/@floating-ui/core/-/core-1.8.0.tgz 30573ms (cache miss)
1016 http fetch GET 200 https://registry.npmjs.org/@drizzle-team/brocli/-/brocli-0.10.2.tgz 30857ms (cache miss)
1017 http fetch GET 200 https://registry.npmjs.org/@esbuild-kit/esm-loader/-/esm-loader-2.6.5.tgz 31076ms (cache miss)
1018 warn deprecated @esbuild-kit/esm-loader@2.6.5: Merged into tsx: https://tsx.is
1019 http fetch GET 200 https://registry.npmjs.org/@date-fns/tz/-/tz-1.5.0.tgz 31484ms (cache miss)
1020 http fetch GET 200 https://registry.npmjs.org/@radix-ui/react-accordion/-/react-accordion-1.2.20.tgz 31758ms (cache miss)
1021 http fetch GET 200 https://registry.npmjs.org/@poppinss/exception/-/exception-1.2.3.tgz 32480ms (cache miss)
1022 http fetch GET 200 https://registry.npmjs.org/@esbuild-kit/core-utils/-/core-utils-3.3.2.tgz 32480ms (cache miss)
1023 warn deprecated @esbuild-kit/core-utils@3.3.2: Merged into tsx: https://tsx.is
1024 http fetch GET 200 https://registry.npmjs.org/@cspotcode/source-map-support/-/source-map-support-0.8.1.tgz 32607ms (cache miss)
1025 http fetch GET 200 https://registry.npmjs.org/@cloudflare/kv-asset-handler/-/kv-asset-handler-0.5.0.tgz 33929ms (cache miss)
1026 http fetch GET 200 https://registry.npmjs.org/@babel/runtime/-/runtime-7.29.7.tgz 36069ms (cache miss)
1027 http fetch GET 200 https://registry.npmjs.org/@typescript-eslint/eslint-plugin/-/eslint-plugin-8.59.3.tgz 36506ms (cache miss)
1028 http fetch GET 200 https://registry.npmjs.org/@cloudflare/unenv-preset/-/unenv-preset-2.16.1.tgz 39600ms (cache miss)
1029 http fetch GET 200 https://registry.npmjs.org/youch-core/-/youch-core-0.3.3.tgz 39609ms (cache miss)
1030 http fetch GET 200 https://registry.npmjs.org/@base-ui/utils/-/utils-0.3.2.tgz 40330ms (cache miss)
1031 http fetch GET 200 https://registry.npmjs.org/youch/-/youch-4.1.0-beta.10.tgz 40884ms (cache miss)
1032 http fetch GET 200 https://registry.npmjs.org/ws/-/ws-8.18.0.tgz 42725ms (cache miss)
1033 http fetch GET 200 https://registry.npmjs.org/which/-/which-2.0.2.tgz 44256ms (cache miss)
1034 http fetch GET 200 https://registry.npmjs.org/yoga-layout/-/yoga-layout-3.2.1.tgz 44513ms (cache miss)
1035 http fetch GET 200 https://registry.npmjs.org/@resvg/resvg-wasm/-/resvg-wasm-2.4.0.tgz 47858ms (cache miss)
1036 http fetch GET 200 https://registry.npmjs.org/webpack-sources/-/webpack-sources-3.4.1.tgz 51141ms (cache miss)
1037 http fetch GET 200 https://registry.npmjs.org/watchpack/-/watchpack-2.5.1.tgz 53075ms (cache miss)
1038 http fetch GET 200 https://registry.npmjs.org/vitefu/-/vitefu-1.1.3.tgz 54320ms (cache miss)
1039 http fetch GET 200 https://registry.npmjs.org/web-vitals/-/web-vitals-4.2.4.tgz 60061ms (cache miss)
1040 http fetch GET 200 https://registry.npmjs.org/@reduxjs/toolkit/-/toolkit-2.12.0.tgz 61791ms (cache miss)
1041 http fetch GET 200 https://registry.npmjs.org/vite-plugin-dynamic-import/-/vite-plugin-dynamic-import-1.6.0.tgz 61888ms (cache miss)
1042 http fetch GET 200 https://registry.npmjs.org/@cloudflare/vite-plugin/-/vite-plugin-1.37.1.tgz 63216ms (cache miss)
1043 http fetch GET 200 https://registry.npmjs.org/vite-plugin-commonjs/-/vite-plugin-commonjs-0.10.4.tgz 63572ms (cache miss)
1044 http fetch GET 200 https://registry.npmjs.org/victory-vendor/-/victory-vendor-37.3.6.tgz 71971ms (cache miss)
1045 http fetch GET 200 https://registry.npmjs.org/update-browserslist-db/-/update-browserslist-db-1.2.3.tgz 73322ms (cache miss)
1046 http fetch GET 200 https://registry.npmjs.org/@babel/parser/-/parser-7.29.3.tgz 73839ms (cache miss)
1047 http fetch GET 200 https://registry.npmjs.org/unpic/-/unpic-4.2.2.tgz 80413ms (cache miss)
1048 http fetch GET 200 https://registry.npmjs.org/@tailwindcss/oxide-win32-x64-msvc/-/oxide-win32-x64-msvc-4.2.1.tgz 80565ms (cache miss)
1049 http fetch GET 200 https://registry.npmjs.org/unicode-trie/-/unicode-trie-2.0.0.tgz 82405ms (cache miss)
1050 http fetch GET 200 https://registry.npmjs.org/typescript-eslint/-/typescript-eslint-8.59.3.tgz 83906ms (cache miss)
1051 http fetch GET 200 https://registry.npmjs.org/@cloudflare/workers-types/-/workers-types-4.20260515.1.tgz 86027ms (cache miss)
1052 http fetch GET 200 https://registry.npmjs.org/tw-animate-css/-/tw-animate-css-1.4.0.tgz 87271ms (cache miss)
1053 http fetch GET 200 https://registry.npmjs.org/unenv/-/unenv-2.0.0-rc.24.tgz 87878ms (cache miss)
1054 http fetch GET 200 https://registry.npmjs.org/turbo-stream/-/turbo-stream-3.2.0.tgz 88534ms (cache miss)
1055 http fetch GET 200 https://registry.npmjs.org/vite/-/vite-8.0.13.tgz 89937ms (cache miss)
1056 http fetch GET 200 https://registry.npmjs.org/terser-webpack-plugin/-/terser-webpack-plugin-5.6.0.tgz 90071ms (cache miss)
1057 http fetch GET 200 https://registry.npmjs.org/tiny-inflate/-/tiny-inflate-1.0.3.tgz 90752ms (cache miss)
1058 http fetch GET 200 https://registry.npmjs.org/tailwindcss/-/tailwindcss-4.2.1.tgz 95756ms (cache miss)
1059 http fetch GET 200 https://registry.npmjs.org/strip-literal/-/strip-literal-3.1.0.tgz 97091ms (cache miss)
1060 http fetch GET 200 https://registry.npmjs.org/vinext/-/vinext-1.0.0-beta.5.tgz 97608ms (cache miss)
1061 http fetch GET 200 https://registry.npmjs.org/string.prototype.codepointat/-/string.prototype.codepointat-0.2.1.tgz 98199ms (cache miss)
1062 http fetch GET 200 https://registry.npmjs.org/source-map-support/-/source-map-support-0.5.21.tgz 99163ms (cache miss)
1063 http fetch GET 200 https://registry.npmjs.org/srvx/-/srvx-0.11.15.tgz 99708ms (cache miss)
1064 http fetch GET 200 https://registry.npmjs.org/tsx/-/tsx-4.22.1.tgz 100678ms (cache miss)
1065 http fetch GET 200 https://registry.npmjs.org/@base-ui/react/-/react-1.7.0.tgz 101079ms (cache miss)
1066 http fetch GET 200 https://registry.npmjs.org/sonner/-/sonner-2.0.8.tgz 101469ms (cache miss)
1067 http fetch GET 200 https://registry.npmjs.org/undici/-/undici-7.24.8.tgz 101902ms (cache miss)
1068 http fetch GET 200 https://registry.npmjs.org/semver/-/semver-6.3.1.tgz 102408ms (cache miss)
1069 http fetch GET 200 https://registry.npmjs.org/workerd/-/workerd-1.20260515.1.tgz 102526ms (cache miss)
1070 http fetch GET 200 https://registry.npmjs.org/redux-thunk/-/redux-thunk-3.1.0.tgz 103578ms (cache miss)
1071 http fetch GET 200 https://registry.npmjs.org/webpack/-/webpack-5.106.2.tgz 104246ms (cache miss)
1072 http fetch GET 200 https://registry.npmjs.org/schema-utils/-/schema-utils-4.3.3.tgz 104370ms (cache miss)
1073 http fetch GET 200 https://registry.npmjs.org/resolve/-/resolve-2.0.0-next.7.tgz 104713ms (cache miss)
1074 http fetch GET 200 https://registry.npmjs.org/rolldown/-/rolldown-1.0.1.tgz 105757ms (cache miss)
1075 http fetch GET 200 https://registry.npmjs.org/source-map/-/source-map-0.6.1.tgz 106505ms (cache miss)
1076 http fetch GET 200 https://registry.npmjs.org/redux/-/redux-5.0.1.tgz 109434ms (cache miss)
1077 http fetch GET 200 https://registry.npmjs.org/react-resizable-panels/-/react-resizable-panels-4.12.2.tgz 109636ms (cache miss)
1078 http fetch GET 200 https://registry.npmjs.org/radix-ui/-/radix-ui-1.6.7.tgz 111666ms (cache miss)
1079 http fetch GET 200 https://registry.npmjs.org/reselect/-/reselect-5.2.0.tgz 111758ms (cache miss)
1080 http fetch GET 200 https://registry.npmjs.org/terser/-/terser-5.47.1.tgz 112688ms (cache miss)
1081 http fetch GET 200 https://registry.npmjs.org/react-redux/-/react-redux-9.3.0.tgz 113926ms (cache miss)
1082 http fetch GET 200 https://registry.npmjs.org/path-to-regexp/-/path-to-regexp-6.3.0.tgz 113953ms (cache miss)
1083 http fetch GET 200 https://registry.npmjs.org/parse-css-color/-/parse-css-color-0.2.1.tgz 114218ms (cache miss)
1084 http fetch GET 200 https://registry.npmjs.org/napi-postinstall/-/napi-postinstall-0.3.4.tgz 114805ms (cache miss)
1085 http fetch GET 200 https://registry.npmjs.org/neo-async/-/neo-async-2.6.2.tgz 117171ms (cache miss)
1086 http fetch GET 200 https://registry.npmjs.org/react-day-picker/-/react-day-picker-10.0.1.tgz 117701ms (cache miss)
1087 http fetch GET 200 https://registry.npmjs.org/merge-stream/-/merge-stream-2.0.0.tgz 117809ms (cache miss)
1088 http fetch GET 200 https://registry.npmjs.org/nanoid/-/nanoid-3.3.12.tgz 118790ms (cache miss)
1089 http fetch GET 200 https://registry.npmjs.org/pako/-/pako-0.2.9.tgz 120329ms (cache miss)
1090 http fetch GET 200 https://registry.npmjs.org/loose-envify/-/loose-envify-1.4.0.tgz 121042ms (cache miss)
1091 http fetch GET 200 https://registry.npmjs.org/satori/-/satori-0.16.0.tgz 121288ms (cache miss)
1092 http fetch GET 200 https://registry.npmjs.org/loader-runner/-/loader-runner-4.3.2.tgz 121905ms (cache miss)
1093 http fetch GET 200 https://registry.npmjs.org/react-server-dom-webpack/-/react-server-dom-webpack-19.2.6.tgz 122183ms (cache miss)
1094 http fetch GET 200 https://registry.npmjs.org/kleur/-/kleur-4.1.5.tgz 123065ms (cache miss)
1095 http fetch GET 200 https://registry.npmjs.org/linebreak/-/linebreak-1.1.0.tgz 123217ms (cache miss)
1096 http fetch GET 200 https://registry.npmjs.org/@vercel/og/-/og-0.8.6.tgz 123400ms (cache miss)
1097 http fetch GET 200 https://registry.npmjs.org/react-hook-form/-/react-hook-form-7.85.0.tgz 123521ms (cache miss)
1098 http fetch GET 200 https://registry.npmjs.org/jsesc/-/jsesc-3.1.0.tgz 124274ms (cache miss)
1099 http fetch GET 200 https://registry.npmjs.org/json5/-/json5-2.2.3.tgz 125379ms (cache miss)
1100 http fetch GET 200 https://registry.npmjs.org/jest-worker/-/jest-worker-27.5.1.tgz 125616ms (cache miss)
1101 http fetch GET 200 https://registry.npmjs.org/is-core-module/-/is-core-module-2.16.2.tgz 126115ms (cache miss)
1102 http fetch GET 200 https://registry.npmjs.org/lightningcss/-/lightningcss-1.31.1.tgz 127396ms (cache miss)
1103 http fetch GET 200 https://registry.npmjs.org/image-size/-/image-size-2.0.2.tgz 130006ms (cache miss)
1104 http fetch GET 200 https://registry.npmjs.org/hex-rgb/-/hex-rgb-4.3.0.tgz 130471ms (cache miss)
1105 http fetch GET 200 https://registry.npmjs.org/js-yaml/-/js-yaml-4.1.1.tgz 130934ms (cache miss)
1106 http fetch GET 200 https://registry.npmjs.org/glob-to-regexp/-/glob-to-regexp-0.4.1.tgz 131245ms (cache miss)
1107 http fetch GET 200 https://registry.npmjs.org/immer/-/immer-10.2.0.tgz 132024ms (cache miss)
1108 http fetch GET 200 https://registry.npmjs.org/events/-/events-3.3.0.tgz 132459ms (cache miss)
1109 http fetch GET 200 https://registry.npmjs.org/eventemitter3/-/eventemitter3-5.0.4.tgz 133470ms (cache miss)
1110 http fetch GET 200 https://registry.npmjs.org/fast-uri/-/fast-uri-3.1.2.tgz 133533ms (cache miss)
1111 http fetch GET 200 https://registry.npmjs.org/eslint-config-next/-/eslint-config-next-16.2.6.tgz 134152ms (cache miss)
1112 http fetch GET 200 https://registry.npmjs.org/estree-walker/-/estree-walker-3.0.3.tgz 134263ms (cache miss)
1113 http fetch GET 200 https://registry.npmjs.org/esbuild/-/esbuild-0.28.0.tgz 136309ms (cache miss)
1114 http fetch GET 200 https://registry.npmjs.org/fflate/-/fflate-0.7.4.tgz 137393ms (cache miss)
1115 http fetch GET 200 https://registry.npmjs.org/jiti/-/jiti-2.7.0.tgz 137972ms (cache miss)
1116 http fetch GET 200 https://registry.npmjs.org/error-stack-parser-es/-/error-stack-parser-es-1.0.5.tgz 138446ms (cache miss)
1117 http fetch GET 200 https://registry.npmjs.org/emoji-regex-xs/-/emoji-regex-xs-2.0.1.tgz 138983ms (cache miss)
1118 http fetch GET 200 https://registry.npmjs.org/es-module-lexer/-/es-module-lexer-2.1.0.tgz 139302ms (cache miss)
1119 http fetch GET 200 https://registry.npmjs.org/electron-to-chromium/-/electron-to-chromium-1.5.358.tgz 141042ms (cache miss)
1120 http fetch GET 200 https://registry.npmjs.org/es-toolkit/-/es-toolkit-1.50.0.tgz 176166ms (cache miss)
1121 http fetch GET 200 https://registry.npmjs.org/css-gradient-parser/-/css-gradient-parser-0.0.16.tgz 178672ms (cache miss)
1122 http fetch GET 200 https://registry.npmjs.org/css-box-shadow/-/css-box-shadow-1.0.0-3.tgz 180607ms (cache miss)
1123 http fetch GET 200 https://registry.npmjs.org/recharts/-/recharts-3.8.0.tgz 182427ms (cache miss)
1124 http fetch GET 200 https://registry.npmjs.org/wrangler/-/wrangler-4.92.0.tgz 188383ms (cache miss)
1125 http fetch GET 200 https://registry.npmjs.org/css-background-parser/-/css-background-parser-0.1.0.tgz 189523ms (cache miss)
1126 http fetch GET 200 https://registry.npmjs.org/commander/-/commander-2.20.3.tgz 191759ms (cache miss)
1127 http fetch GET 200 https://registry.npmjs.org/chrome-trace-event/-/chrome-trace-event-1.0.4.tgz 193052ms (cache miss)
1128 http fetch GET 200 https://registry.npmjs.org/eslint/-/eslint-9.39.4.tgz 198296ms (cache miss)
1129 http fetch GET 200 https://registry.npmjs.org/camelize/-/camelize-1.0.1.tgz 199752ms (cache miss)
1130 http fetch GET 200 https://registry.npmjs.org/buffer-from/-/buffer-from-1.1.2.tgz 201205ms (cache miss)
1131 http fetch GET 200 https://registry.npmjs.org/css-color-keywords/-/css-color-keywords-1.0.0.tgz 203685ms (cache miss)
1132 http fetch GET 200 https://registry.npmjs.org/css-to-react-native/-/css-to-react-native-3.2.0.tgz 203707ms (cache miss)
1133 http fetch GET 200 https://registry.npmjs.org/browserslist/-/browserslist-4.28.2.tgz 205305ms (cache miss)
1134 http fetch GET 200 https://registry.npmjs.org/base64-js/-/base64-js-0.0.8.tgz 206184ms (cache miss)
1135 http fetch GET 200 https://registry.npmjs.org/blake3-wasm/-/blake3-wasm-2.1.5.tgz 209340ms (cache miss)
1136 http fetch GET 200 https://registry.npmjs.org/baseline-browser-mapping/-/baseline-browser-mapping-2.10.30.tgz 210881ms (cache miss)
1137 http fetch GET 200 https://registry.npmjs.org/acorn-loose/-/acorn-loose-8.5.2.tgz 210950ms (cache miss)
1138 http fetch GET 200 https://registry.npmjs.org/caniuse-lite/-/caniuse-lite-1.0.30001793.tgz 211505ms (cache miss)
1139 http fetch GET 200 https://registry.npmjs.org/acorn-import-phases/-/acorn-import-phases-1.0.4.tgz 211884ms (cache miss)
1140 http fetch GET 200 https://registry.npmjs.org/json5/-/json5-1.0.2.tgz 212998ms (cache miss)
1141 http fetch GET 200 https://registry.npmjs.org/semver/-/semver-7.8.0.tgz 214252ms (cache miss)
1142 http fetch GET 200 https://registry.npmjs.org/semver/-/semver-7.8.0.tgz 215588ms (cache miss)
1143 http fetch GET 200 https://registry.npmjs.org/eslint-visitor-keys/-/eslint-visitor-keys-5.0.1.tgz 216350ms (cache miss)
1144 http fetch GET 200 https://registry.npmjs.org/@rolldown/pluginutils/-/pluginutils-1.0.0-rc.18.tgz 216912ms (cache miss)
1145 http fetch GET 200 https://registry.npmjs.org/acorn/-/acorn-8.16.0.tgz 217652ms (cache miss)
1146 http fetch GET 200 https://registry.npmjs.org/ignore/-/ignore-7.0.5.tgz 218795ms (cache miss)
1147 http fetch GET 200 https://registry.npmjs.org/balanced-match/-/balanced-match-4.0.4.tgz 219608ms (cache miss)
1148 http fetch GET 200 https://registry.npmjs.org/semver/-/semver-7.8.0.tgz 221312ms (cache miss)
1149 http fetch GET 200 https://registry.npmjs.org/minimatch/-/minimatch-10.2.5.tgz 221477ms (cache miss)
1150 http fetch GET 200 https://registry.npmjs.org/brace-expansion/-/brace-expansion-5.0.6.tgz 222397ms (cache miss)
1151 http fetch GET 200 https://registry.npmjs.org/@radix-ui/react-slot/-/react-slot-1.3.3.tgz 223710ms (cache miss)
1152 http fetch GET 200 https://registry.npmjs.org/@radix-ui/react-compose-refs/-/react-compose-refs-1.1.5.tgz 224586ms (cache miss)
1153 http fetch GET 200 https://registry.npmjs.org/@radix-ui/react-slot/-/react-slot-1.3.3.tgz 225475ms (cache miss)
1154 http fetch GET 200 https://registry.npmjs.org/@radix-ui/react-compose-refs/-/react-compose-refs-1.1.5.tgz 226291ms (cache miss)
1155 http fetch GET 200 https://registry.npmjs.org/@radix-ui/react-compose-refs/-/react-compose-refs-1.1.5.tgz 227010ms (cache miss)
1156 http fetch GET 200 https://registry.npmjs.org/@radix-ui/react-compose-refs/-/react-compose-refs-1.1.5.tgz 227998ms (cache miss)
1157 http fetch GET 200 https://registry.npmjs.org/@radix-ui/react-compose-refs/-/react-compose-refs-1.1.5.tgz 228758ms (cache miss)
1158 http fetch GET 200 https://registry.npmjs.org/immer/-/immer-11.1.16.tgz 228959ms (cache miss)
1159 http fetch GET 200 https://registry.npmjs.org/@radix-ui/react-compose-refs/-/react-compose-refs-1.1.5.tgz 229569ms (cache miss)
1160 http fetch GET 200 https://registry.npmjs.org/@radix-ui/react-slot/-/react-slot-1.3.3.tgz 229852ms (cache miss)
1161 http fetch GET 200 https://registry.npmjs.org/@radix-ui/react-compose-refs/-/react-compose-refs-1.1.5.tgz 230748ms (cache miss)
1162 http fetch GET 200 https://registry.npmjs.org/@radix-ui/react-compose-refs/-/react-compose-refs-1.1.5.tgz 230974ms (cache miss)
1163 http fetch GET 200 https://registry.npmjs.org/@radix-ui/react-compose-refs/-/react-compose-refs-1.1.5.tgz 231973ms (cache miss)
1164 http fetch GET 200 https://registry.npmjs.org/@radix-ui/react-compose-refs/-/react-compose-refs-1.1.5.tgz 232071ms (cache miss)
1165 http fetch GET 200 https://registry.npmjs.org/@radix-ui/react-compose-refs/-/react-compose-refs-1.1.5.tgz 232499ms (cache miss)
1166 http fetch GET 200 https://registry.npmjs.org/@radix-ui/react-compose-refs/-/react-compose-refs-1.1.5.tgz 232499ms (cache miss)
1167 http fetch GET 200 https://registry.npmjs.org/@radix-ui/react-compose-refs/-/react-compose-refs-1.1.5.tgz 233011ms (cache miss)
1168 http fetch GET 200 https://registry.npmjs.org/@radix-ui/react-slot/-/react-slot-1.3.3.tgz 233940ms (cache miss)
1169 http fetch GET 200 https://registry.npmjs.org/@radix-ui/react-compose-refs/-/react-compose-refs-1.1.5.tgz 234194ms (cache miss)
1170 http fetch GET 200 https://registry.npmjs.org/@radix-ui/react-slot/-/react-slot-1.3.3.tgz 235528ms (cache miss)
1171 http fetch GET 200 https://registry.npmjs.org/@radix-ui/react-compose-refs/-/react-compose-refs-1.1.5.tgz 235654ms (cache miss)
1172 http fetch GET 200 https://registry.npmjs.org/@radix-ui/react-compose-refs/-/react-compose-refs-1.1.5.tgz 236691ms (cache miss)
1173 http fetch GET 200 https://registry.npmjs.org/@radix-ui/react-compose-refs/-/react-compose-refs-1.1.5.tgz 236812ms (cache miss)
1174 http fetch GET 200 https://registry.npmjs.org/@radix-ui/react-compose-refs/-/react-compose-refs-1.1.5.tgz 237346ms (cache miss)
1175 http fetch GET 200 https://registry.npmjs.org/@radix-ui/react-compose-refs/-/react-compose-refs-1.1.5.tgz 237650ms (cache miss)
1176 http fetch GET 200 https://registry.npmjs.org/@radix-ui/react-compose-refs/-/react-compose-refs-1.1.5.tgz 237662ms (cache miss)
1177 http fetch GET 200 https://registry.npmjs.org/@radix-ui/react-compose-refs/-/react-compose-refs-1.1.5.tgz 237699ms (cache miss)
1178 http fetch GET 200 https://registry.npmjs.org/date-fns/-/date-fns-4.4.0.tgz 237819ms (cache miss)
1179 http fetch GET 200 https://registry.npmjs.org/@radix-ui/react-compose-refs/-/react-compose-refs-1.1.5.tgz 238113ms (cache miss)
1180 http fetch GET 200 https://registry.npmjs.org/@radix-ui/react-compose-refs/-/react-compose-refs-1.1.5.tgz 238173ms (cache miss)
1181 http fetch GET 200 https://registry.npmjs.org/@radix-ui/react-compose-refs/-/react-compose-refs-1.1.5.tgz 238611ms (cache miss)
1182 http fetch GET 200 https://registry.npmjs.org/@radix-ui/react-compose-refs/-/react-compose-refs-1.1.5.tgz 238749ms (cache miss)
1183 http fetch GET 200 https://registry.npmjs.org/@radix-ui/react-slot/-/react-slot-1.3.3.tgz 239330ms (cache miss)
1184 http fetch GET 200 https://registry.npmjs.org/@radix-ui/react-compose-refs/-/react-compose-refs-1.1.5.tgz 239661ms (cache miss)
1185 http fetch GET 200 https://registry.npmjs.org/@radix-ui/react-slot/-/react-slot-1.3.3.tgz 239674ms (cache miss)
1186 http fetch GET 200 https://registry.npmjs.org/supports-color/-/supports-color-10.2.2.tgz 240501ms (cache miss)
1187 http fetch GET 200 https://registry.npmjs.org/@radix-ui/react-compose-refs/-/react-compose-refs-1.1.5.tgz 240686ms (cache miss)
1188 http fetch GET 200 https://registry.npmjs.org/@jridgewell/trace-mapping/-/trace-mapping-0.3.9.tgz 241986ms (cache miss)
1189 http fetch GET 200 https://registry.npmjs.org/axe-core/-/axe-core-4.11.4.tgz 244904ms (cache miss)
1190 http fetch GET 200 https://registry.npmjs.org/esbuild/-/esbuild-0.18.20.tgz 245290ms (cache miss)
1191 http fetch GET 200 https://registry.npmjs.org/estraverse/-/estraverse-4.3.0.tgz 246701ms (cache miss)
1192 http fetch GET 200 https://registry.npmjs.org/esbuild/-/esbuild-0.27.3.tgz 246710ms (cache miss)
1193 http fetch GET 200 https://registry.npmjs.org/eslint-scope/-/eslint-scope-5.1.1.tgz 247855ms (cache miss)
1194 http fetch GET 200 https://registry.npmjs.org/glob-parent/-/glob-parent-5.1.2.tgz 247879ms (cache miss)
1195 http fetch GET 200 https://registry.npmjs.org/fast-glob/-/fast-glob-3.3.3.tgz 250466ms (cache miss)
1196 http fetch GET 200 https://registry.npmjs.org/picomatch/-/picomatch-4.0.4.tgz 252219ms (cache miss)
1197 http fetch GET 200 https://registry.npmjs.org/es-module-lexer/-/es-module-lexer-1.7.0.tgz 253002ms (cache miss)
1198 http fetch GET 200 https://registry.npmjs.org/js-tokens/-/js-tokens-9.0.1.tgz 254240ms (cache miss)
1199 http fetch GET 200 https://registry.npmjs.org/@esbuild/win32-x64/-/win32-x64-0.28.0.tgz 256237ms (cache miss)
1200 http fetch GET 200 https://registry.npmjs.org/drizzle-orm/-/drizzle-orm-0.45.2.tgz 256569ms (cache miss)
1201 http fetch GET 200 https://registry.npmjs.org/ajv-keywords/-/ajv-keywords-5.1.0.tgz 259165ms (cache miss)
1202 http fetch GET 200 https://registry.npmjs.org/lightningcss/-/lightningcss-1.32.0.tgz 259235ms (cache miss)
1203 http fetch GET 200 https://registry.npmjs.org/drizzle-kit/-/drizzle-kit-0.31.10.tgz 259596ms (cache miss)
1204 http fetch GET 200 https://registry.npmjs.org/supports-color/-/supports-color-8.1.1.tgz 260631ms (cache miss)
1205 http fetch GET 200 https://registry.npmjs.org/postcss/-/postcss-8.4.31.tgz 260750ms (cache miss)
1206 http fetch GET 200 https://registry.npmjs.org/globals/-/globals-16.4.0.tgz 261177ms (cache miss)
1207 http fetch GET 200 https://registry.npmjs.org/@radix-ui/react-compose-refs/-/react-compose-refs-1.1.5.tgz 261614ms (cache miss)
1208 http fetch GET 200 https://registry.npmjs.org/@radix-ui/react-slot/-/react-slot-1.3.3.tgz 261998ms (cache miss)
1209 http fetch GET 200 https://registry.npmjs.org/esbuild/-/esbuild-0.25.12.tgz 262710ms (cache miss)
1210 http fetch GET 200 https://registry.npmjs.org/json-schema-traverse/-/json-schema-traverse-0.4.1.tgz 263140ms (cache miss)
1211 http fetch GET 200 https://registry.npmjs.org/ajv/-/ajv-6.15.0.tgz 267841ms (cache miss)
1212 http fetch GET 200 https://registry.npmjs.org/reselect/-/reselect-5.1.1.tgz 274350ms (cache miss)
1213 http fetch GET 200 https://registry.npmjs.org/lightningcss-win32-x64-msvc/-/lightningcss-win32-x64-msvc-1.31.1.tgz 293139ms (cache miss)
1214 http fetch GET 200 https://registry.npmjs.org/lucide-react/-/lucide-react-1.31.0.tgz 324568ms (cache miss)
1215 http fetch GET 200 https://registry.npmjs.org/typescript/-/typescript-5.9.3.tgz 327724ms (cache miss)
